{
  "departement": "27",
  "creneaux_quotidiens": [
    {
      "date": "2021-12-02",
      "total": 129,
      "creneaux_par_lieu": [
        {
          "lieu": "doctolib290555pid203422",
          "creneaux_par_tag": [
            {
              "tag": "all",
              "creneaux": 129
            },
            {
              "tag": "first_or_second_dose",
              "creneaux": 107
            },
            {
              "tag": "third_dose",
              "creneaux": 22
            },
            {
              "tag": "unknown_dose",
              "creneaux": 0
            }
          ]
        }
      ]
    },
    {
      "date": "2021-12-03",
      "total": 105,
      "creneaux_par_lieu": [
        {
          "lieu": "doctolib290555pid203422",
          "creneaux_par_tag": [
            {
              "tag": "all",
              "creneaux": 92
            },
            {
              "tag": "first_or_second_dose",
              "creneaux": 92
            },
            {
              "tag": "third_dose",
              "creneaux": 0
            },
            {
              "tag": "unknown_dose",
              "creneaux": 0
            }
          ]
        },
        {
          "lieu": "doctolib266487pid182638",
          "creneaux_par_tag": [
            {
              "tag": "all",
              "creneaux": 13
            },
            {
              "tag": "first_or_second_dose",
              "creneaux": 13
            },
            {
              "tag": "third_dose",
              "creneaux": 0
            },
            {
              "tag": "unknown_dose",
              "creneaux": 0
            }
          ]
        }
      ]
    },
    {
      "date": "2021-12-04",
      "total": 78,
      "creneaux_par_lieu": [
        {
          "lieu": "doctolib290555pid203422",
          "creneaux_par_tag": [
            {
              "tag": "all",
              "creneaux": 78
            },
            {
              "tag": "first_or_second_dose",
              "creneaux": 78
            },
            {
              "tag": "third_dose",
              "creneaux": 0
            },
            {
              "tag": "unknown_dose",
              "creneaux": 0
            }
          ]
        }
      ]
    },
    {
      "date": "2021-12-05",
      "total": 0,
      "creneaux_par_lieu": []
    },
    {
      "date": "2021-12-06",
      "total": 224,
      "creneaux_par_lieu": [
        {
          "lieu": "doctolib266487pid182638",
          "creneaux_par_tag": [
            {
              "tag": "all",
              "creneaux": 10
            },
            {
              "tag": "first_or_second_dose",
              "creneaux": 10
            },
            {
              "tag": "third_dose",
              "creneaux": 0
            },
            {
              "tag": "unknown_dose",
              "creneaux": 0
            }
          ]
        },
        {
          "lieu": "doctolib240902pid222455",
          "creneaux_par_tag": [
            {
              "tag": "all",
              "creneaux": 124
            },
            {
              "tag": "first_or_second_dose",
              "creneaux": 62
            },
            {
              "tag": "third_dose",
              "creneaux": 62
            },
            {
              "tag": "unknown_dose",
              "creneaux": 0
            }
          ]
        },
        {
          "lieu": "doctolib290555pid203422",
          "creneaux_par_tag": [
            {
              "tag": "all",
              "creneaux": 90
            },
            {
              "tag": "first_or_second_dose",
              "creneaux": 90
            },
            {
              "tag": "third_dose",
              "creneaux": 0
            },
            {
              "tag": "unknown_dose",
              "creneaux": 0
            }
          ]
        }
      ]
    },
    {
      "date": "2021-12-07",
      "total": 202,
      "creneaux_par_lieu": [
        {
          "lieu": "doctolib266487pid182638",
          "creneaux_par_tag": [
            {
              "tag": "all",
              "creneaux": 60
            },
            {
              "tag": "first_or_second_dose",
              "creneaux": 60
            },
            {
              "tag": "third_dose",
              "creneaux": 0
            },
            {
              "tag": "unknown_dose",
              "creneaux": 0
            }
          ]
        },
        {
          "lieu": "doctolib240902pid222455",
          "creneaux_par_tag": [
            {
              "tag": "all",
              "creneaux": 44
            },
            {
              "tag": "first_or_second_dose",
              "creneaux": 22
            },
            {
              "tag": "third_dose",
              "creneaux": 22
            },
            {
              "tag": "unknown_dose",
              "creneaux": 0
            }
          ]
        },
        {
          "lieu": "doctolib290555pid203422",
          "creneaux_par_tag": [
            {
              "tag": "all",
              "creneaux": 98
            },
            {
              "tag": "first_or_second_dose",
              "creneaux": 98
            },
            {
              "tag": "third_dose",
              "creneaux": 0
            },
            {
              "tag": "unknown_dose",
              "creneaux": 0
            }
          ]
        }
      ]
    },
    {
      "date": "2021-12-08",
      "total": 140,
      "creneaux_par_lieu": [
        {
          "lieu": "doctolib240902pid222455",
          "creneaux_par_tag": [
            {
              "tag": "all",
              "creneaux": 46
            },
            {
              "tag": "first_or_second_dose",
              "creneaux": 23
            },
            {
              "tag": "third_dose",
              "creneaux": 23
            },
            {
              "tag": "unknown_dose",
              "creneaux": 0
            }
          ]
        },
        {
          "lieu": "doctolib290555pid203422",
          "creneaux_par_tag": [
            {
              "tag": "all",
              "creneaux": 94
            },
            {
              "tag": "first_or_second_dose",
              "creneaux": 94
            },
            {
              "tag": "third_dose",
              "creneaux": 0
            },
            {
              "tag": "unknown_dose",
              "creneaux": 0
            }
          ]
        }
      ]
    },
    {
      "date": "2021-12-09",
      "total": 112,
      "creneaux_par_lieu": [
        {
          "lieu": "doctolib266487pid182638",
          "creneaux_par_tag": [
            {
              "tag": "all",
              "creneaux": 12
            },
            {
              "tag": "first_or_second_dose",
              "creneaux": 12
            },
            {
              "tag": "third_dose",
              "creneaux": 0
            },
            {
              "tag": "unknown_dose",
              "creneaux": 0
            }
          ]
        },
        {
          "lieu": "doctolib290555pid203422",
          "creneaux_par_tag": [
            {
              "tag": "all",
              "creneaux": 100
            },
            {
              "tag": "first_or_second_dose",
              "creneaux": 100
            },
            {
              "tag": "third_dose",
              "creneaux": 0
            },
            {
              "tag": "unknown_dose",
              "creneaux": 0
            }
          ]
        }
      ]
    },
    {
      "date": "2021-12-10",
      "total": 127,
      "creneaux_par_lieu": [
        {
          "lieu": "doctolib290555pid203422",
          "creneaux_par_tag": [
            {
              "tag": "all",
              "creneaux": 100
            },
            {
              "tag": "first_or_second_dose",
              "creneaux": 100
            },
            {
              "tag": "third_dose",
              "creneaux": 0
            },
            {
              "tag": "unknown_dose",
              "creneaux": 0
            }
          ]
        },
        {
          "lieu": "doctolib266487pid182638",
          "creneaux_par_tag": [
            {
              "tag": "all",
              "creneaux": 27
            },
            {
              "tag": "first_or_second_dose",
              "creneaux": 27
            },
            {
              "tag": "third_dose",
              "creneaux": 0
            },
            {
              "tag": "unknown_dose",
              "creneaux": 0
            }
          ]
        }
      ]
    },
    {
      "date": "2021-12-11",
      "total": 68,
      "creneaux_par_lieu": [
        {
          "lieu": "doctolib240902pid222455",
          "creneaux_par_tag": [
            {
              "tag": "all",
              "creneaux": 24
            },
            {
              "tag": "first_or_second_dose",
              "creneaux": 12
            },
            {
              "tag": "third_dose",
              "creneaux": 12
            },
            {
              "tag": "unknown_dose",
              "creneaux": 0
            }
          ]
        },
        {
          "lieu": "doctolib290555pid203422",
          "creneaux_par_tag": [
            {
              "tag": "all",
              "creneaux": 44
            },
            {
              "tag": "first_or_second_dose",
              "creneaux": 44
            },
            {
              "tag": "third_dose",
              "creneaux": 0
            },
            {
              "tag": "unknown_dose",
              "creneaux": 0
            }
          ]
        }
      ]
    },
    {
      "date": "2021-12-12",
      "total": 0,
      "creneaux_par_lieu": []
    },
    {
      "date": "2021-12-13",
      "total": 91,
      "creneaux_par_lieu": [
        {
          "lieu": "doctolib275050pid191695",
          "creneaux_par_tag": [
            {
              "tag": "all",
              "creneaux": 2
            },
            {
              "tag": "first_or_second_dose",
              "creneaux": 2
            },
            {
              "tag": "third_dose",
              "creneaux": 0
            },
            {
              "tag": "unknown_dose",
              "creneaux": 0
            }
          ]
        },
        {
          "lieu": "doctolib266487pid182638",
          "creneaux_par_tag": [
            {
              "tag": "all",
              "creneaux": 44
            },
            {
              "tag": "first_or_second_dose",
              "creneaux": 44
            },
            {
              "tag": "third_dose",
              "creneaux": 0
            },
            {
              "tag": "unknown_dose",
              "creneaux": 0
            }
          ]
        },
        {
          "lieu": "doctolib290555pid203422",
          "creneaux_par_tag": [
            {
              "tag": "all",
              "creneaux": 45
            },
            {
              "tag": "first_or_second_dose",
              "creneaux": 45
            },
            {
              "tag": "third_dose",
              "creneaux": 0
            },
            {
              "tag": "unknown_dose",
              "creneaux": 0
            }
          ]
        }
      ]
    },
    {
      "date": "2021-12-14",
      "total": 83,
      "creneaux_par_lieu": [
        {
          "lieu": "doctolib275050pid191695",
          "creneaux_par_tag": [
            {
              "tag": "all",
              "creneaux": 8
            },
            {
              "tag": "first_or_second_dose",
              "creneaux": 8
            },
            {
              "tag": "third_dose",
              "creneaux": 0
            },
            {
              "tag": "unknown_dose",
              "creneaux": 0
            }
          ]
        },
        {
          "lieu": "doctolib266487pid182638",
          "creneaux_par_tag": [
            {
              "tag": "all",
              "creneaux": 26
            },
            {
              "tag": "first_or_second_dose",
              "creneaux": 26
            },
            {
              "tag": "third_dose",
              "creneaux": 0
            },
            {
              "tag": "unknown_dose",
              "creneaux": 0
            }
          ]
        },
        {
          "lieu": "doctolib290555pid203422",
          "creneaux_par_tag": [
            {
              "tag": "all",
              "creneaux": 49
            },
            {
              "tag": "first_or_second_dose",
              "creneaux": 49
            },
            {
              "tag": "third_dose",
              "creneaux": 0
            },
            {
              "tag": "unknown_dose",
              "creneaux": 0
            }
          ]
        }
      ]
    },
    {
      "date": "2021-12-15",
      "total": 51,
      "creneaux_par_lieu": [
        {
          "lieu": "doctolib275050pid191695",
          "creneaux_par_tag": [
            {
              "tag": "all",
              "creneaux": 4
            },
            {
              "tag": "first_or_second_dose",
              "creneaux": 4
            },
            {
              "tag": "third_dose",
              "creneaux": 0
            },
            {
              "tag": "unknown_dose",
              "creneaux": 0
            }
          ]
        },
        {
          "lieu": "doctolib290555pid203422",
          "creneaux_par_tag": [
            {
              "tag": "all",
              "creneaux": 47
            },
            {
              "tag": "first_or_second_dose",
              "creneaux": 47
            },
            {
              "tag": "third_dose",
              "creneaux": 0
            },
            {
              "tag": "unknown_dose",
              "creneaux": 0
            }
          ]
        }
      ]
    },
    {
      "date": "2021-12-16",
      "total": 221,
      "creneaux_par_lieu": [
        {
          "lieu": "doctolib266487pid182638",
          "creneaux_par_tag": [
            {
              "tag": "all",
              "creneaux": 92
            },
            {
              "tag": "first_or_second_dose",
              "creneaux": 92
            },
            {
              "tag": "third_dose",
              "creneaux": 0
            },
            {
              "tag": "unknown_dose",
              "creneaux": 0
            }
          ]
        },
        {
          "lieu": "doctolib275050pid191695",
          "creneaux_par_tag": [
            {
              "tag": "all",
              "creneaux": 14
            },
            {
              "tag": "first_or_second_dose",
              "creneaux": 14
            },
            {
              "tag": "third_dose",
              "creneaux": 0
            },
            {
              "tag": "unknown_dose",
              "creneaux": 0
            }
          ]
        },
        {
          "lieu": "doctolib240902pid205191",
          "creneaux_par_tag": [
            {
              "tag": "all",
              "creneaux": 15
            },
            {
              "tag": "first_or_second_dose",
              "creneaux": 10
            },
            {
              "tag": "third_dose",
              "creneaux": 5
            },
            {
              "tag": "unknown_dose",
              "creneaux": 0
            }
          ]
        },
        {
          "lieu": "doctolib290555pid203422",
          "creneaux_par_tag": [
            {
              "tag": "all",
              "creneaux": 100
            },
            {
              "tag": "first_or_second_dose",
              "creneaux": 100
            },
            {
              "tag": "third_dose",
              "creneaux": 0
            },
            {
              "tag": "unknown_dose",
              "creneaux": 0
            }
          ]
        }
      ]
    },
    {
      "date": "2021-12-17",
      "total": 196,
      "creneaux_par_lieu": [
        {
          "lieu": "doctolib266487pid182638",
          "creneaux_par_tag": [
            {
              "tag": "all",
              "creneaux": 48
            },
            {
              "tag": "first_or_second_dose",
              "creneaux": 48
            },
            {
              "tag": "third_dose",
              "creneaux": 0
            },
            {
              "tag": "unknown_dose",
              "creneaux": 0
            }
          ]
        },
        {
          "lieu": "doctolib275050pid191695",
          "creneaux_par_tag": [
            {
              "tag": "all",
              "creneaux": 18
            },
            {
              "tag": "first_or_second_dose",
              "creneaux": 18
            },
            {
              "tag": "third_dose",
              "creneaux": 0
            },
            {
              "tag": "unknown_dose",
              "creneaux": 0
            }
          ]
        },
        {
          "lieu": "doctolib240902pid205191",
          "creneaux_par_tag": [
            {
              "tag": "all",
              "creneaux": 34
            },
            {
              "tag": "first_or_second_dose",
              "creneaux": 23
            },
            {
              "tag": "third_dose",
              "creneaux": 11
            },
            {
              "tag": "unknown_dose",
              "creneaux": 0
            }
          ]
        },
        {
          "lieu": "doctolib290555pid203422",
          "creneaux_par_tag": [
            {
              "tag": "all",
              "creneaux": 96
            },
            {
              "tag": "first_or_second_dose",
              "creneaux": 96
            },
            {
              "tag": "third_dose",
              "creneaux": 0
            },
            {
              "tag": "unknown_dose",
              "creneaux": 0
            }
          ]
        }
      ]
    },
    {
      "date": "2021-12-18",
      "total": 142,
      "creneaux_par_lieu": [
        {
          "lieu": "doctolib240902pid205191",
          "creneaux_par_tag": [
            {
              "tag": "all",
              "creneaux": 54
            },
            {
              "tag": "first_or_second_dose",
              "creneaux": 36
            },
            {
              "tag": "third_dose",
              "creneaux": 18
            },
            {
              "tag": "unknown_dose",
              "creneaux": 0
            }
          ]
        },
        {
          "lieu": "doctolib290555pid203422",
          "creneaux_par_tag": [
            {
              "tag": "all",
              "creneaux": 88
            },
            {
              "tag": "first_or_second_dose",
              "creneaux": 88
            },
            {
              "tag": "third_dose",
              "creneaux": 0
            },
            {
              "tag": "unknown_dose",
              "creneaux": 0
            }
          ]
        }
      ]
    },
    {
      "date": "2021-12-19",
      "total": 0,
      "creneaux_par_lieu": []
    },
    {
      "date": "2021-12-20",
      "total": 211,
      "creneaux_par_lieu": [
        {
          "lieu": "doctolib266487pid182638",
          "creneaux_par_tag": [
            {
              "tag": "all",
              "creneaux": 94
            },
            {
              "tag": "first_or_second_dose",
              "creneaux": 94
            },
            {
              "tag": "third_dose",
              "creneaux": 0
            },
            {
              "tag": "unknown_dose",
              "creneaux": 0
            }
          ]
        },
        {
          "lieu": "doctolib275050pid191695",
          "creneaux_par_tag": [
            {
              "tag": "all",
              "creneaux": 28
            },
            {
              "tag": "first_or_second_dose",
              "creneaux": 28
            },
            {
              "tag": "third_dose",
              "creneaux": 0
            },
            {
              "tag": "unknown_dose",
              "creneaux": 0
            }
          ]
        },
        {
          "lieu": "doctolib240902pid205191",
          "creneaux_par_tag": [
            {
              "tag": "all",
              "creneaux": 3
            },
            {
              "tag": "first_or_second_dose",
              "creneaux": 2
            },
            {
              "tag": "third_dose",
              "creneaux": 1
            },
            {
              "tag": "unknown_dose",
              "creneaux": 0
            }
          ]
        },
        {
          "lieu": "doctolib290555pid203422",
          "creneaux_par_tag": [
            {
              "tag": "all",
              "creneaux": 86
            },
            {
              "tag": "first_or_second_dose",
              "creneaux": 86
            },
            {
              "tag": "third_dose",
              "creneaux": 0
            },
            {
              "tag": "unknown_dose",
              "creneaux": 0
            }
          ]
        }
      ]
    },
    {
      "date": "2021-12-21",
      "total": 209,
      "creneaux_par_lieu": [
        {
          "lieu": "doctolib266487pid182638",
          "creneaux_par_tag": [
            {
              "tag": "all",
              "creneaux": 50
            },
            {
              "tag": "first_or_second_dose",
              "creneaux": 50
            },
            {
              "tag": "third_dose",
              "creneaux": 0
            },
            {
              "tag": "unknown_dose",
              "creneaux": 0
            }
          ]
        },
        {
          "lieu": "doctolib275050pid191695",
          "creneaux_par_tag": [
            {
              "tag": "all",
              "creneaux": 50
            },
            {
              "tag": "first_or_second_dose",
              "creneaux": 50
            },
            {
              "tag": "third_dose",
              "creneaux": 0
            },
            {
              "tag": "unknown_dose",
              "creneaux": 0
            }
          ]
        },
        {
          "lieu": "doctolib240902pid205191",
          "creneaux_par_tag": [
            {
              "tag": "all",
              "creneaux": 3
            },
            {
              "tag": "first_or_second_dose",
              "creneaux": 2
            },
            {
              "tag": "third_dose",
              "creneaux": 1
            },
            {
              "tag": "unknown_dose",
              "creneaux": 0
            }
          ]
        },
        {
          "lieu": "doctolib257457pid176200",
          "creneaux_par_tag": [
            {
              "tag": "all",
              "creneaux": 10
            },
            {
              "tag": "first_or_second_dose",
              "creneaux": 10
            },
            {
              "tag": "third_dose",
              "creneaux": 0
            },
            {
              "tag": "unknown_dose",
              "creneaux": 0
            }
          ]
        },
        {
          "lieu": "doctolib290555pid203422",
          "creneaux_par_tag": [
            {
              "tag": "all",
              "creneaux": 96
            },
            {
              "tag": "first_or_second_dose",
              "creneaux": 96
            },
            {
              "tag": "third_dose",
              "creneaux": 0
            },
            {
              "tag": "unknown_dose",
              "creneaux": 0
            }
          ]
        }
      ]
    },
    {
      "date": "2021-12-22",
      "total": 237,
      "creneaux_par_lieu": [
        {
          "lieu": "doctolib275050pid191695",
          "creneaux_par_tag": [
            {
              "tag": "all",
              "creneaux": 36
            },
            {
              "tag": "first_or_second_dose",
              "creneaux": 36
            },
            {
              "tag": "third_dose",
              "creneaux": 0
            },
            {
              "tag": "unknown_dose",
              "creneaux": 0
            }
          ]
        },
        {
          "lieu": "doctolib240902pid205191",
          "creneaux_par_tag": [
            {
              "tag": "all",
              "creneaux": 105
            },
            {
              "tag": "first_or_second_dose",
              "creneaux": 70
            },
            {
              "tag": "third_dose",
              "creneaux": 35
            },
            {
              "tag": "unknown_dose",
              "creneaux": 0
            }
          ]
        },
        {
          "lieu": "doctolib257457pid176200",
          "creneaux_par_tag": [
            {
              "tag": "all",
              "creneaux": 2
            },
            {
              "tag": "first_or_second_dose",
              "creneaux": 2
            },
            {
              "tag": "third_dose",
              "creneaux": 0
            },
            {
              "tag": "unknown_dose",
              "creneaux": 0
            }
          ]
        },
        {
          "lieu": "doctolib290555pid203422",
          "creneaux_par_tag": [
            {
              "tag": "all",
              "creneaux": 94
            },
            {
              "tag": "first_or_second_dose",
              "creneaux": 94
            },
            {
              "tag": "third_dose",
              "creneaux": 0
            },
            {
              "tag": "unknown_dose",
              "creneaux": 0
            }
          ]
        }
      ]
    },
    {
      "date": "2021-12-23",
      "total": 297,
      "creneaux_par_lieu": [
        {
          "lieu": "doctolib266487pid182638",
          "creneaux_par_tag": [
            {
              "tag": "all",
              "creneaux": 92
            },
            {
              "tag": "first_or_second_dose",
              "creneaux": 92
            },
            {
              "tag": "third_dose",
              "creneaux": 0
            },
            {
              "tag": "unknown_dose",
              "creneaux": 0
            }
          ]
        },
        {
          "lieu": "doctolib240902pid177715",
          "creneaux_par_tag": [
            {
              "tag": "all",
              "creneaux": 14
            },
            {
              "tag": "first_or_second_dose",
              "creneaux": 14
            },
            {
              "tag": "third_dose",
              "creneaux": 0
            },
            {
              "tag": "unknown_dose",
              "creneaux": 0
            }
          ]
        },
        {
          "lieu": "doctolib275050pid191695",
          "creneaux_par_tag": [
            {
              "tag": "all",
              "creneaux": 56
            },
            {
              "tag": "first_or_second_dose",
              "creneaux": 56
            },
            {
              "tag": "third_dose",
              "creneaux": 0
            },
            {
              "tag": "unknown_dose",
              "creneaux": 0
            }
          ]
        },
        {
          "lieu": "doctolib257457pid176200",
          "creneaux_par_tag": [
            {
              "tag": "all",
              "creneaux": 39
            },
            {
              "tag": "first_or_second_dose",
              "creneaux": 39
            },
            {
              "tag": "third_dose",
              "creneaux": 0
            },
            {
              "tag": "unknown_dose",
              "creneaux": 0
            }
          ]
        },
        {
          "lieu": "doctolib290555pid203422",
          "creneaux_par_tag": [
            {
              "tag": "all",
              "creneaux": 96
            },
            {
              "tag": "first_or_second_dose",
              "creneaux": 96
            },
            {
              "tag": "third_dose",
              "creneaux": 0
            },
            {
              "tag": "unknown_dose",
              "creneaux": 0
            }
          ]
        }
      ]
    },
    {
      "date": "2021-12-24",
      "total": 102,
      "creneaux_par_lieu": [
        {
          "lieu": "doctolib275050pid191695",
          "creneaux_par_tag": [
            {
              "tag": "all",
              "creneaux": 24
            },
            {
              "tag": "first_or_second_dose",
              "creneaux": 24
            },
            {
              "tag": "third_dose",
              "creneaux": 0
            },
            {
              "tag": "unknown_dose",
              "creneaux": 0
            }
          ]
        },
        {
          "lieu": "doctolib294718pid206959",
          "creneaux_par_tag": [
            {
              "tag": "all",
              "creneaux": 8
            },
            {
              "tag": "first_or_second_dose",
              "creneaux": 0
            },
            {
              "tag": "third_dose",
              "creneaux": 8
            },
            {
              "tag": "unknown_dose",
              "creneaux": 0
            }
          ]
        },
        {
          "lieu": "doctolib290555pid203422",
          "creneaux_par_tag": [
            {
              "tag": "all",
              "creneaux": 70
            },
            {
              "tag": "first_or_second_dose",
              "creneaux": 70
            },
            {
              "tag": "third_dose",
              "creneaux": 0
            },
            {
              "tag": "unknown_dose",
              "creneaux": 0
            }
          ]
        }
      ]
    },
    {
      "date": "2021-12-25",
      "total": 0,
      "creneaux_par_lieu": []
    },
    {
      "date": "2021-12-26",
      "total": 0,
      "creneaux_par_lieu": []
    },
    {
      "date": "2021-12-27",
      "total": 177,
      "creneaux_par_lieu": [
        {
          "lieu": "doctolib275050pid191695",
          "creneaux_par_tag": [
            {
              "tag": "all",
              "creneaux": 44
            },
            {
              "tag": "first_or_second_dose",
              "creneaux": 44
            },
            {
              "tag": "third_dose",
              "creneaux": 0
            },
            {
              "tag": "unknown_dose",
              "creneaux": 0
            }
          ]
        },
        {
          "lieu": "doctolib240902pid205191",
          "creneaux_par_tag": [
            {
              "tag": "all",
              "creneaux": 46
            },
            {
              "tag": "first_or_second_dose",
              "creneaux": 23
            },
            {
              "tag": "third_dose",
              "creneaux": 23
            },
            {
              "tag": "unknown_dose",
              "creneaux": 0
            }
          ]
        },
        {
          "lieu": "doctolib266487pid182638",
          "creneaux_par_tag": [
            {
              "tag": "all",
              "creneaux": 46
            },
            {
              "tag": "first_or_second_dose",
              "creneaux": 46
            },
            {
              "tag": "third_dose",
              "creneaux": 0
            },
            {
              "tag": "unknown_dose",
              "creneaux": 0
            }
          ]
        },
        {
          "lieu": "doctolib290555pid203422",
          "creneaux_par_tag": [
            {
              "tag": "all",
              "creneaux": 41
            },
            {
              "tag": "first_or_second_dose",
              "creneaux": 41
            },
            {
              "tag": "third_dose",
              "creneaux": 0
            },
            {
              "tag": "unknown_dose",
              "creneaux": 0
            }
          ]
        }
      ]
    },
    {
      "date": "2021-12-28",
      "total": 211,
      "creneaux_par_lieu": [
        {
          "lieu": "doctolib240902pid177715",
          "creneaux_par_tag": [
            {
              "tag": "all",
              "creneaux": 2
            },
            {
              "tag": "first_or_second_dose",
              "creneaux": 2
            },
            {
              "tag": "third_dose",
              "creneaux": 0
            },
            {
              "tag": "unknown_dose",
              "creneaux": 0
            }
          ]
        },
        {
          "lieu": "doctolib275050pid191695",
          "creneaux_par_tag": [
            {
              "tag": "all",
              "creneaux": 46
            },
            {
              "tag": "first_or_second_dose",
              "creneaux": 46
            },
            {
              "tag": "third_dose",
              "creneaux": 0
            },
            {
              "tag": "unknown_dose",
              "creneaux": 0
            }
          ]
        },
        {
          "lieu": "doctolib257457pid176200",
          "creneaux_par_tag": [
            {
              "tag": "all",
              "creneaux": 2
            },
            {
              "tag": "first_or_second_dose",
              "creneaux": 2
            },
            {
              "tag": "third_dose",
              "creneaux": 0
            },
            {
              "tag": "unknown_dose",
              "creneaux": 0
            }
          ]
        },
        {
          "lieu": "doctolib240902pid205191",
          "creneaux_par_tag": [
            {
              "tag": "all",
              "creneaux": 82
            },
            {
              "tag": "first_or_second_dose",
              "creneaux": 41
            },
            {
              "tag": "third_dose",
              "creneaux": 41
            },
            {
              "tag": "unknown_dose",
              "creneaux": 0
            }
          ]
        },
        {
          "lieu": "doctolib266487pid182638",
          "creneaux_par_tag": [
            {
              "tag": "all",
              "creneaux": 30
            },
            {
              "tag": "first_or_second_dose",
              "creneaux": 30
            },
            {
              "tag": "third_dose",
              "creneaux": 0
            },
            {
              "tag": "unknown_dose",
              "creneaux": 0
            }
          ]
        },
        {
          "lieu": "doctolib290555pid203422",
          "creneaux_par_tag": [
            {
              "tag": "all",
              "creneaux": 49
            },
            {
              "tag": "first_or_second_dose",
              "creneaux": 49
            },
            {
              "tag": "third_dose",
              "creneaux": 0
            },
            {
              "tag": "unknown_dose",
              "creneaux": 0
            }
          ]
        }
      ]
    },
    {
      "date": "2021-12-29",
      "total": 215,
      "creneaux_par_lieu": [
        {
          "lieu": "doctolib275050pid191695",
          "creneaux_par_tag": [
            {
              "tag": "all",
              "creneaux": 48
            },
            {
              "tag": "first_or_second_dose",
              "creneaux": 48
            },
            {
              "tag": "third_dose",
              "creneaux": 0
            },
            {
              "tag": "unknown_dose",
              "creneaux": 0
            }
          ]
        },
        {
          "lieu": "doctolib257457pid176200",
          "creneaux_par_tag": [
            {
              "tag": "all",
              "creneaux": 30
            },
            {
              "tag": "first_or_second_dose",
              "creneaux": 30
            },
            {
              "tag": "third_dose",
              "creneaux": 0
            },
            {
              "tag": "unknown_dose",
              "creneaux": 0
            }
          ]
        },
        {
          "lieu": "doctolib240902pid205191",
          "creneaux_par_tag": [
            {
              "tag": "all",
              "creneaux": 90
            },
            {
              "tag": "first_or_second_dose",
              "creneaux": 45
            },
            {
              "tag": "third_dose",
              "creneaux": 45
            },
            {
              "tag": "unknown_dose",
              "creneaux": 0
            }
          ]
        },
        {
          "lieu": "doctolib290555pid203422",
          "creneaux_par_tag": [
            {
              "tag": "all",
              "creneaux": 47
            },
            {
              "tag": "first_or_second_dose",
              "creneaux": 47
            },
            {
              "tag": "third_dose",
              "creneaux": 0
            },
            {
              "tag": "unknown_dose",
              "creneaux": 0
            }
          ]
        }
      ]
    },
    {
      "date": "2021-12-30",
      "total": 424,
      "creneaux_par_lieu": [
        {
          "lieu": "maiia6194bf37",
          "creneaux_par_tag": [
            {
              "tag": "all",
              "creneaux": 18
            },
            {
              "tag": "first_or_second_dose",
              "creneaux": 6
            },
            {
              "tag": "third_dose",
              "creneaux": 12
            },
            {
              "tag": "unknown_dose",
              "creneaux": 0
            }
          ]
        },
        {
          "lieu": "doctolib266487pid182638",
          "creneaux_par_tag": [
            {
              "tag": "all",
              "creneaux": 92
            },
            {
              "tag": "first_or_second_dose",
              "creneaux": 92
            },
            {
              "tag": "third_dose",
              "creneaux": 0
            },
            {
              "tag": "unknown_dose",
              "creneaux": 0
            }
          ]
        },
        {
          "lieu": "doctolib275050pid191695",
          "creneaux_par_tag": [
            {
              "tag": "all",
              "creneaux": 44
            },
            {
              "tag": "first_or_second_dose",
              "creneaux": 44
            },
            {
              "tag": "third_dose",
              "creneaux": 0
            },
            {
              "tag": "unknown_dose",
              "creneaux": 0
            }
          ]
        },
        {
          "lieu": "doctolib240902pid205191",
          "creneaux_par_tag": [
            {
              "tag": "all",
              "creneaux": 144
            },
            {
              "tag": "first_or_second_dose",
              "creneaux": 96
            },
            {
              "tag": "third_dose",
              "creneaux": 48
            },
            {
              "tag": "unknown_dose",
              "creneaux": 0
            }
          ]
        },
        {
          "lieu": "doctolib257457pid176200",
          "creneaux_par_tag": [
            {
              "tag": "all",
              "creneaux": 26
            },
            {
              "tag": "first_or_second_dose",
              "creneaux": 26
            },
            {
              "tag": "third_dose",
              "creneaux": 0
            },
            {
              "tag": "unknown_dose",
              "creneaux": 0
            }
          ]
        },
        {
          "lieu": "doctolib290555pid203422",
          "creneaux_par_tag": [
            {
              "tag": "all",
              "creneaux": 100
            },
            {
              "tag": "first_or_second_dose",
              "creneaux": 100
            },
            {
              "tag": "third_dose",
              "creneaux": 0
            },
            {
              "tag": "unknown_dose",
              "creneaux": 0
            }
          ]
        }
      ]
    },
    {
      "date": "2021-12-31",
      "total": 88,
      "creneaux_par_lieu": [
        {
          "lieu": "doctolib275050pid191695",
          "creneaux_par_tag": [
            {
              "tag": "all",
              "creneaux": 18
            },
            {
              "tag": "first_or_second_dose",
              "creneaux": 18
            },
            {
              "tag": "third_dose",
              "creneaux": 0
            },
            {
              "tag": "unknown_dose",
              "creneaux": 0
            }
          ]
        },
        {
          "lieu": "doctolib290555pid203422",
          "creneaux_par_tag": [
            {
              "tag": "all",
              "creneaux": 70
            },
            {
              "tag": "first_or_second_dose",
              "creneaux": 70
            },
            {
              "tag": "third_dose",
              "creneaux": 0
            },
            {
              "tag": "unknown_dose",
              "creneaux": 0
            }
          ]
        }
      ]
    },
    {
      "date": "2022-01-01",
      "total": 0,
      "creneaux_par_lieu": []
    },
    {
      "date": "2022-01-02",
      "total": 0,
      "creneaux_par_lieu": []
    },
    {
      "date": "2022-01-03",
      "total": 197,
      "creneaux_par_lieu": [
        {
          "lieu": "maiia6194bf37",
          "creneaux_par_tag": [
            {
              "tag": "all",
              "creneaux": 12
            },
            {
              "tag": "first_or_second_dose",
              "creneaux": 4
            },
            {
              "tag": "third_dose",
              "creneaux": 8
            },
            {
              "tag": "unknown_dose",
              "creneaux": 0
            }
          ]
        },
        {
          "lieu": "doctolib266487pid182638",
          "creneaux_par_tag": [
            {
              "tag": "all",
              "creneaux": 94
            },
            {
              "tag": "first_or_second_dose",
              "creneaux": 94
            },
            {
              "tag": "third_dose",
              "creneaux": 0
            },
            {
              "tag": "unknown_dose",
              "creneaux": 0
            }
          ]
        },
        {
          "lieu": "doctolib242833",
          "creneaux_par_tag": [
            {
              "tag": "all",
              "creneaux": 78
            },
            {
              "tag": "first_or_second_dose",
              "creneaux": 52
            },
            {
              "tag": "third_dose",
              "creneaux": 26
            },
            {
              "tag": "unknown_dose",
              "creneaux": 0
            }
          ]
        },
        {
          "lieu": "doctolib240902pid177715",
          "creneaux_par_tag": [
            {
              "tag": "all",
              "creneaux": 13
            },
            {
              "tag": "first_or_second_dose",
              "creneaux": 13
            },
            {
              "tag": "third_dose",
              "creneaux": 0
            },
            {
              "tag": "unknown_dose",
              "creneaux": 0
            }
          ]
        }
      ]
    },
    {
      "date": "2022-01-04",
      "total": 569,
      "creneaux_par_lieu": [
        {
          "lieu": "maiia6194bf37",
          "creneaux_par_tag": [
            {
              "tag": "all",
              "creneaux": 15
            },
            {
              "tag": "first_or_second_dose",
              "creneaux": 5
            },
            {
              "tag": "third_dose",
              "creneaux": 10
            },
            {
              "tag": "unknown_dose",
              "creneaux": 0
            }
          ]
        },
        {
          "lieu": "doctolib242833",
          "creneaux_par_tag": [
            {
              "tag": "all",
              "creneaux": 324
            },
            {
              "tag": "first_or_second_dose",
              "creneaux": 216
            },
            {
              "tag": "third_dose",
              "creneaux": 108
            },
            {
              "tag": "unknown_dose",
              "creneaux": 0
            }
          ]
        },
        {
          "lieu": "doctolib240902pid205191",
          "creneaux_par_tag": [
            {
              "tag": "all",
              "creneaux": 132
            },
            {
              "tag": "first_or_second_dose",
              "creneaux": 88
            },
            {
              "tag": "third_dose",
              "creneaux": 44
            },
            {
              "tag": "unknown_dose",
              "creneaux": 0
            }
          ]
        },
        {
          "lieu": "doctolib257457pid176200",
          "creneaux_par_tag": [
            {
              "tag": "all",
              "creneaux": 18
            },
            {
              "tag": "first_or_second_dose",
              "creneaux": 18
            },
            {
              "tag": "third_dose",
              "creneaux": 0
            },
            {
              "tag": "unknown_dose",
              "creneaux": 0
            }
          ]
        },
        {
          "lieu": "doctolib266487pid182638",
          "creneaux_par_tag": [
            {
              "tag": "all",
              "creneaux": 56
            },
            {
              "tag": "first_or_second_dose",
              "creneaux": 56
            },
            {
              "tag": "third_dose",
              "creneaux": 0
            },
            {
              "tag": "unknown_dose",
              "creneaux": 0
            }
          ]
        },
        {
          "lieu": "doctolib240902pid177715",
          "creneaux_par_tag": [
            {
              "tag": "all",
              "creneaux": 24
            },
            {
              "tag": "first_or_second_dose",
              "creneaux": 24
            },
            {
              "tag": "third_dose",
              "creneaux": 0
            },
            {
              "tag": "unknown_dose",
              "creneaux": 0
            }
          ]
        }
      ]
    },
    {
      "date": "2022-01-05",
      "total": 510,
      "creneaux_par_lieu": [
        {
          "lieu": "doctolib242833",
          "creneaux_par_tag": [
            {
              "tag": "all",
              "creneaux": 327
            },
            {
              "tag": "first_or_second_dose",
              "creneaux": 218
            },
            {
              "tag": "third_dose",
              "creneaux": 109
            },
            {
              "tag": "unknown_dose",
              "creneaux": 0
            }
          ]
        },
        {
          "lieu": "doctolib240902pid205191",
          "creneaux_par_tag": [
            {
              "tag": "all",
              "creneaux": 141
            },
            {
              "tag": "first_or_second_dose",
              "creneaux": 94
            },
            {
              "tag": "third_dose",
              "creneaux": 47
            },
            {
              "tag": "unknown_dose",
              "creneaux": 0
            }
          ]
        },
        {
          "lieu": "doctolib257457pid176200",
          "creneaux_par_tag": [
            {
              "tag": "all",
              "creneaux": 42
            },
            {
              "tag": "first_or_second_dose",
              "creneaux": 42
            },
            {
              "tag": "third_dose",
              "creneaux": 0
            },
            {
              "tag": "unknown_dose",
              "creneaux": 0
            }
          ]
        }
      ]
    },
    {
      "date": "2022-01-06",
      "total": 658,
      "creneaux_par_lieu": [
        {
          "lieu": "maiia6194bf37",
          "creneaux_par_tag": [
            {
              "tag": "all",
              "creneaux": 18
            },
            {
              "tag": "first_or_second_dose",
              "creneaux": 6
            },
            {
              "tag": "third_dose",
              "creneaux": 12
            },
            {
              "tag": "unknown_dose",
              "creneaux": 0
            }
          ]
        },
        {
          "lieu": "doctolib242833",
          "creneaux_par_tag": [
            {
              "tag": "all",
              "creneaux": 354
            },
            {
              "tag": "first_or_second_dose",
              "creneaux": 236
            },
            {
              "tag": "third_dose",
              "creneaux": 118
            },
            {
              "tag": "unknown_dose",
              "creneaux": 0
            }
          ]
        },
        {
          "lieu": "doctolib240902pid205191",
          "creneaux_par_tag": [
            {
              "tag": "all",
              "creneaux": 144
            },
            {
              "tag": "first_or_second_dose",
              "creneaux": 96
            },
            {
              "tag": "third_dose",
              "creneaux": 48
            },
            {
              "tag": "unknown_dose",
              "creneaux": 0
            }
          ]
        },
        {
          "lieu": "doctolib257457pid176200",
          "creneaux_par_tag": [
            {
              "tag": "all",
              "creneaux": 48
            },
            {
              "tag": "first_or_second_dose",
              "creneaux": 48
            },
            {
              "tag": "third_dose",
              "creneaux": 0
            },
            {
              "tag": "unknown_dose",
              "creneaux": 0
            }
          ]
        },
        {
          "lieu": "doctolib266487pid182638",
          "creneaux_par_tag": [
            {
              "tag": "all",
              "creneaux": 94
            },
            {
              "tag": "first_or_second_dose",
              "creneaux": 94
            },
            {
              "tag": "third_dose",
              "creneaux": 0
            },
            {
              "tag": "unknown_dose",
              "creneaux": 0
            }
          ]
        }
      ]
    },
    {
      "date": "2022-01-07",
      "total": 614,
      "creneaux_par_lieu": [
        {
          "lieu": "maiia6194bf37",
          "creneaux_par_tag": [
            {
              "tag": "all",
              "creneaux": 18
            },
            {
              "tag": "first_or_second_dose",
              "creneaux": 6
            },
            {
              "tag": "third_dose",
              "creneaux": 12
            },
            {
              "tag": "unknown_dose",
              "creneaux": 0
            }
          ]
        },
        {
          "lieu": "mesoigner1556",
          "creneaux_par_tag": [
            {
              "tag": "all",
              "creneaux": 13
            },
            {
              "tag": "first_or_second_dose",
              "creneaux": 26
            },
            {
              "tag": "third_dose",
              "creneaux": 13
            },
            {
              "tag": "unknown_dose",
              "creneaux": 0
            }
          ]
        },
        {
          "lieu": "doctolib240902pid205191",
          "creneaux_par_tag": [
            {
              "tag": "all",
              "creneaux": 141
            },
            {
              "tag": "first_or_second_dose",
              "creneaux": 94
            },
            {
              "tag": "third_dose",
              "creneaux": 47
            },
            {
              "tag": "unknown_dose",
              "creneaux": 0
            }
          ]
        },
        {
          "lieu": "doctolib257457pid176200",
          "creneaux_par_tag": [
            {
              "tag": "all",
              "creneaux": 60
            },
            {
              "tag": "first_or_second_dose",
              "creneaux": 60
            },
            {
              "tag": "third_dose",
              "creneaux": 0
            },
            {
              "tag": "unknown_dose",
              "creneaux": 0
            }
          ]
        },
        {
          "lieu": "doctolib266487pid182638",
          "creneaux_par_tag": [
            {
              "tag": "all",
              "creneaux": 52
            },
            {
              "tag": "first_or_second_dose",
              "creneaux": 52
            },
            {
              "tag": "third_dose",
              "creneaux": 0
            },
            {
              "tag": "unknown_dose",
              "creneaux": 0
            }
          ]
        },
        {
          "lieu": "doctolib242833",
          "creneaux_par_tag": [
            {
              "tag": "all",
              "creneaux": 330
            },
            {
              "tag": "first_or_second_dose",
              "creneaux": 220
            },
            {
              "tag": "third_dose",
              "creneaux": 110
            },
            {
              "tag": "unknown_dose",
              "creneaux": 0
            }
          ]
        }
      ]
    },
    {
      "date": "2022-01-08",
      "total": 204,
      "creneaux_par_lieu": [
        {
          "lieu": "doctolib240902pid177715",
          "creneaux_par_tag": [
            {
              "tag": "all",
              "creneaux": 48
            },
            {
              "tag": "first_or_second_dose",
              "creneaux": 48
            },
            {
              "tag": "third_dose",
              "creneaux": 0
            },
            {
              "tag": "unknown_dose",
              "creneaux": 0
            }
          ]
        },
        {
          "lieu": "doctolib257457pid176200",
          "creneaux_par_tag": [
            {
              "tag": "all",
              "creneaux": 12
            },
            {
              "tag": "first_or_second_dose",
              "creneaux": 12
            },
            {
              "tag": "third_dose",
              "creneaux": 0
            },
            {
              "tag": "unknown_dose",
              "creneaux": 0
            }
          ]
        },
        {
          "lieu": "doctolib240902pid205191",
          "creneaux_par_tag": [
            {
              "tag": "all",
              "creneaux": 144
            },
            {
              "tag": "first_or_second_dose",
              "creneaux": 96
            },
            {
              "tag": "third_dose",
              "creneaux": 48
            },
            {
              "tag": "unknown_dose",
              "creneaux": 0
            }
          ]
        }
      ]
    },
    {
      "date": "2022-01-09",
      "total": 0,
      "creneaux_par_lieu": []
    },
    {
      "date": "2022-01-10",
      "total": 396,
      "creneaux_par_lieu": [
        {
          "lieu": "doctolib240902pid177715",
          "creneaux_par_tag": [
            {
              "tag": "all",
              "creneaux": 42
            },
            {
              "tag": "first_or_second_dose",
              "creneaux": 42
            },
            {
              "tag": "third_dose",
              "creneaux": 0
            },
            {
              "tag": "unknown_dose",
              "creneaux": 0
            }
          ]
        },
        {
          "lieu": "doctolib242833",
          "creneaux_par_tag": [
            {
              "tag": "all",
              "creneaux": 306
            },
            {
              "tag": "first_or_second_dose",
              "creneaux": 204
            },
            {
              "tag": "third_dose",
              "creneaux": 102
            },
            {
              "tag": "unknown_dose",
              "creneaux": 0
            }
          ]
        },
        {
          "lieu": "doctolib266487pid182638",
          "creneaux_par_tag": [
            {
              "tag": "all",
              "creneaux": 48
            },
            {
              "tag": "first_or_second_dose",
              "creneaux": 48
            },
            {
              "tag": "third_dose",
              "creneaux": 0
            },
            {
              "tag": "unknown_dose",
              "creneaux": 0
            }
          ]
        }
      ]
    },
    {
      "date": "2022-01-11",
      "total": 486,
      "creneaux_par_lieu": [
        {
          "lieu": "doctolib240902pid177715",
          "creneaux_par_tag": [
            {
              "tag": "all",
              "creneaux": 48
            },
            {
              "tag": "first_or_second_dose",
              "creneaux": 48
            },
            {
              "tag": "third_dose",
              "creneaux": 0
            },
            {
              "tag": "unknown_dose",
              "creneaux": 0
            }
          ]
        },
        {
          "lieu": "doctolib257457pid176200",
          "creneaux_par_tag": [
            {
              "tag": "all",
              "creneaux": 48
            },
            {
              "tag": "first_or_second_dose",
              "creneaux": 48
            },
            {
              "tag": "third_dose",
              "creneaux": 0
            },
            {
              "tag": "unknown_dose",
              "creneaux": 0
            }
          ]
        },
        {
          "lieu": "doctolib242833",
          "creneaux_par_tag": [
            {
              "tag": "all",
              "creneaux": 360
            },
            {
              "tag": "first_or_second_dose",
              "creneaux": 240
            },
            {
              "tag": "third_dose",
              "creneaux": 120
            },
            {
              "tag": "unknown_dose",
              "creneaux": 0
            }
          ]
        },
        {
          "lieu": "doctolib266487pid182638",
          "creneaux_par_tag": [
            {
              "tag": "all",
              "creneaux": 30
            },
            {
              "tag": "first_or_second_dose",
              "creneaux": 30
            },
            {
              "tag": "third_dose",
              "creneaux": 0
            },
            {
              "tag": "unknown_dose",
              "creneaux": 0
            }
          ]
        }
      ]
    },
    {
      "date": "2022-01-12",
      "total": 450,
      "creneaux_par_lieu": [
        {
          "lieu": "doctolib240902pid177715",
          "creneaux_par_tag": [
            {
              "tag": "all",
              "creneaux": 54
            },
            {
              "tag": "first_or_second_dose",
              "creneaux": 36
            },
            {
              "tag": "third_dose",
              "creneaux": 18
            },
            {
              "tag": "unknown_dose",
              "creneaux": 0
            }
          ]
        },
        {
          "lieu": "doctolib257457pid176200",
          "creneaux_par_tag": [
            {
              "tag": "all",
              "creneaux": 42
            },
            {
              "tag": "first_or_second_dose",
              "creneaux": 42
            },
            {
              "tag": "third_dose",
              "creneaux": 0
            },
            {
              "tag": "unknown_dose",
              "creneaux": 0
            }
          ]
        },
        {
          "lieu": "doctolib242833",
          "creneaux_par_tag": [
            {
              "tag": "all",
              "creneaux": 354
            },
            {
              "tag": "first_or_second_dose",
              "creneaux": 236
            },
            {
              "tag": "third_dose",
              "creneaux": 118
            },
            {
              "tag": "unknown_dose",
              "creneaux": 0
            }
          ]
        }
      ]
    },
    {
      "date": "2022-01-13",
      "total": 669,
      "creneaux_par_lieu": [
        {
          "lieu": "doctolib240902pid177715",
          "creneaux_par_tag": [
            {
              "tag": "all",
              "creneaux": 108
            },
            {
              "tag": "first_or_second_dose",
              "creneaux": 72
            },
            {
              "tag": "third_dose",
              "creneaux": 36
            },
            {
              "tag": "unknown_dose",
              "creneaux": 0
            }
          ]
        },
        {
          "lieu": "doctolib240902pid205191",
          "creneaux_par_tag": [
            {
              "tag": "all",
              "creneaux": 39
            },
            {
              "tag": "first_or_second_dose",
              "creneaux": 0
            },
            {
              "tag": "third_dose",
              "creneaux": 39
            },
            {
              "tag": "unknown_dose",
              "creneaux": 0
            }
          ]
        },
        {
          "lieu": "doctolib257457pid176200",
          "creneaux_par_tag": [
            {
              "tag": "all",
              "creneaux": 78
            },
            {
              "tag": "first_or_second_dose",
              "creneaux": 78
            },
            {
              "tag": "third_dose",
              "creneaux": 0
            },
            {
              "tag": "unknown_dose",
              "creneaux": 0
            }
          ]
        },
        {
          "lieu": "doctolib266487pid182638",
          "creneaux_par_tag": [
            {
              "tag": "all",
              "creneaux": 84
            },
            {
              "tag": "first_or_second_dose",
              "creneaux": 84
            },
            {
              "tag": "third_dose",
              "creneaux": 0
            },
            {
              "tag": "unknown_dose",
              "creneaux": 0
            }
          ]
        },
        {
          "lieu": "doctolib242833",
          "creneaux_par_tag": [
            {
              "tag": "all",
              "creneaux": 360
            },
            {
              "tag": "first_or_second_dose",
              "creneaux": 240
            },
            {
              "tag": "third_dose",
              "creneaux": 120
            },
            {
              "tag": "unknown_dose",
              "creneaux": 0
            }
          ]
        }
      ]
    },
    {
      "date": "2022-01-14",
      "total": 453,
      "creneaux_par_lieu": [
        {
          "lieu": "doctolib240902pid177715",
          "creneaux_par_tag": [
            {
              "tag": "all",
              "creneaux": 105
            },
            {
              "tag": "first_or_second_dose",
              "creneaux": 70
            },
            {
              "tag": "third_dose",
              "creneaux": 35
            },
            {
              "tag": "unknown_dose",
              "creneaux": 0
            }
          ]
        },
        {
          "lieu": "doctolib257457pid176200",
          "creneaux_par_tag": [
            {
              "tag": "all",
              "creneaux": 56
            },
            {
              "tag": "first_or_second_dose",
              "creneaux": 56
            },
            {
              "tag": "third_dose",
              "creneaux": 0
            },
            {
              "tag": "unknown_dose",
              "creneaux": 0
            }
          ]
        },
        {
          "lieu": "doctolib266487pid182638",
          "creneaux_par_tag": [
            {
              "tag": "all",
              "creneaux": 52
            },
            {
              "tag": "first_or_second_dose",
              "creneaux": 52
            },
            {
              "tag": "third_dose",
              "creneaux": 0
            },
            {
              "tag": "unknown_dose",
              "creneaux": 0
            }
          ]
        },
        {
          "lieu": "doctolib294718pid206959",
          "creneaux_par_tag": [
            {
              "tag": "all",
              "creneaux": 4
            },
            {
              "tag": "first_or_second_dose",
              "creneaux": 0
            },
            {
              "tag": "third_dose",
              "creneaux": 4
            },
            {
              "tag": "unknown_dose",
              "creneaux": 0
            }
          ]
        },
        {
          "lieu": "doctolib242833",
          "creneaux_par_tag": [
            {
              "tag": "all",
              "creneaux": 236
            },
            {
              "tag": "first_or_second_dose",
              "creneaux": 118
            },
            {
              "tag": "third_dose",
              "creneaux": 118
            },
            {
              "tag": "unknown_dose",
              "creneaux": 0
            }
          ]
        }
      ]
    },
    {
      "date": "2022-01-15",
      "total": 136,
      "creneaux_par_lieu": [
        {
          "lieu": "doctolib240902pid177715",
          "creneaux_par_tag": [
            {
              "tag": "all",
              "creneaux": 50
            },
            {
              "tag": "first_or_second_dose",
              "creneaux": 50
            },
            {
              "tag": "third_dose",
              "creneaux": 0
            },
            {
              "tag": "unknown_dose",
              "creneaux": 0
            }
          ]
        },
        {
          "lieu": "doctolib257457pid176200",
          "creneaux_par_tag": [
            {
              "tag": "all",
              "creneaux": 14
            },
            {
              "tag": "first_or_second_dose",
              "creneaux": 14
            },
            {
              "tag": "third_dose",
              "creneaux": 0
            },
            {
              "tag": "unknown_dose",
              "creneaux": 0
            }
          ]
        },
        {
          "lieu": "doctolib242833",
          "creneaux_par_tag": [
            {
              "tag": "all",
              "creneaux": 72
            },
            {
              "tag": "first_or_second_dose",
              "creneaux": 36
            },
            {
              "tag": "third_dose",
              "creneaux": 36
            },
            {
              "tag": "unknown_dose",
              "creneaux": 0
            }
          ]
        }
      ]
    },
    {
      "date": "2022-01-16",
      "total": 0,
      "creneaux_par_lieu": []
    },
    {
      "date": "2022-01-17",
      "total": 184,
      "creneaux_par_lieu": [
        {
          "lieu": "doctolib266487pid182638",
          "creneaux_par_tag": [
            {
              "tag": "all",
              "creneaux": 96
            },
            {
              "tag": "first_or_second_dose",
              "creneaux": 96
            },
            {
              "tag": "third_dose",
              "creneaux": 0
            },
            {
              "tag": "unknown_dose",
              "creneaux": 0
            }
          ]
        },
        {
          "lieu": "doctolib240902pid177715",
          "creneaux_par_tag": [
            {
              "tag": "all",
              "creneaux": 88
            },
            {
              "tag": "first_or_second_dose",
              "creneaux": 44
            },
            {
              "tag": "third_dose",
              "creneaux": 44
            },
            {
              "tag": "unknown_dose",
              "creneaux": 0
            }
          ]
        }
      ]
    },
    {
      "date": "2022-01-18",
      "total": 250,
      "creneaux_par_lieu": [
        {
          "lieu": "mesoigner1556",
          "creneaux_par_tag": [
            {
              "tag": "all",
              "creneaux": 38
            },
            {
              "tag": "first_or_second_dose",
              "creneaux": 76
            },
            {
              "tag": "third_dose",
              "creneaux": 38
            },
            {
              "tag": "unknown_dose",
              "creneaux": 0
            }
          ]
        },
        {
          "lieu": "doctolib257457pid176200",
          "creneaux_par_tag": [
            {
              "tag": "all",
              "creneaux": 58
            },
            {
              "tag": "first_or_second_dose",
              "creneaux": 58
            },
            {
              "tag": "third_dose",
              "creneaux": 0
            },
            {
              "tag": "unknown_dose",
              "creneaux": 0
            }
          ]
        },
        {
          "lieu": "doctolib266487pid182638",
          "creneaux_par_tag": [
            {
              "tag": "all",
              "creneaux": 60
            },
            {
              "tag": "first_or_second_dose",
              "creneaux": 60
            },
            {
              "tag": "third_dose",
              "creneaux": 0
            },
            {
              "tag": "unknown_dose",
              "creneaux": 0
            }
          ]
        },
        {
          "lieu": "doctolib240902pid177715",
          "creneaux_par_tag": [
            {
              "tag": "all",
              "creneaux": 94
            },
            {
              "tag": "first_or_second_dose",
              "creneaux": 48
            },
            {
              "tag": "third_dose",
              "creneaux": 46
            },
            {
              "tag": "unknown_dose",
              "creneaux": 0
            }
          ]
        }
      ]
    },
    {
      "date": "2022-01-19",
      "total": 166,
      "creneaux_par_lieu": [
        {
          "lieu": "mesoigner1556",
          "creneaux_par_tag": [
            {
              "tag": "all",
              "creneaux": 34
            },
            {
              "tag": "first_or_second_dose",
              "creneaux": 68
            },
            {
              "tag": "third_dose",
              "creneaux": 34
            },
            {
              "tag": "unknown_dose",
              "creneaux": 0
            }
          ]
        },
        {
          "lieu": "doctolib257457pid176200",
          "creneaux_par_tag": [
            {
              "tag": "all",
              "creneaux": 40
            },
            {
              "tag": "first_or_second_dose",
              "creneaux": 40
            },
            {
              "tag": "third_dose",
              "creneaux": 0
            },
            {
              "tag": "unknown_dose",
              "creneaux": 0
            }
          ]
        },
        {
          "lieu": "doctolib240902pid177715",
          "creneaux_par_tag": [
            {
              "tag": "all",
              "creneaux": 92
            },
            {
              "tag": "first_or_second_dose",
              "creneaux": 46
            },
            {
              "tag": "third_dose",
              "creneaux": 46
            },
            {
              "tag": "unknown_dose",
              "creneaux": 0
            }
          ]
        }
      ]
    },
    {
      "date": "2022-01-20",
      "total": 302,
      "creneaux_par_lieu": [
        {
          "lieu": "doctolib240902pid177715",
          "creneaux_par_tag": [
            {
              "tag": "all",
              "creneaux": 138
            },
            {
              "tag": "first_or_second_dose",
              "creneaux": 92
            },
            {
              "tag": "third_dose",
              "creneaux": 46
            },
            {
              "tag": "unknown_dose",
              "creneaux": 0
            }
          ]
        },
        {
          "lieu": "doctolib266487pid182638",
          "creneaux_par_tag": [
            {
              "tag": "all",
              "creneaux": 98
            },
            {
              "tag": "first_or_second_dose",
              "creneaux": 98
            },
            {
              "tag": "third_dose",
              "creneaux": 0
            },
            {
              "tag": "unknown_dose",
              "creneaux": 0
            }
          ]
        },
        {
          "lieu": "doctolib257457pid176200",
          "creneaux_par_tag": [
            {
              "tag": "all",
              "creneaux": 66
            },
            {
              "tag": "first_or_second_dose",
              "creneaux": 66
            },
            {
              "tag": "third_dose",
              "creneaux": 0
            },
            {
              "tag": "unknown_dose",
              "creneaux": 0
            }
          ]
        }
      ]
    },
    {
      "date": "2022-01-21",
      "total": 250,
      "creneaux_par_lieu": [
        {
          "lieu": "doctolib240902pid177715",
          "creneaux_par_tag": [
            {
              "tag": "all",
              "creneaux": 132
            },
            {
              "tag": "first_or_second_dose",
              "creneaux": 88
            },
            {
              "tag": "third_dose",
              "creneaux": 44
            },
            {
              "tag": "unknown_dose",
              "creneaux": 0
            }
          ]
        },
        {
          "lieu": "doctolib240902pid162969",
          "creneaux_par_tag": [
            {
              "tag": "all",
              "creneaux": 2
            },
            {
              "tag": "first_or_second_dose",
              "creneaux": 1
            },
            {
              "tag": "third_dose",
              "creneaux": 1
            },
            {
              "tag": "unknown_dose",
              "creneaux": 0
            }
          ]
        },
        {
          "lieu": "doctolib257457pid176200",
          "creneaux_par_tag": [
            {
              "tag": "all",
              "creneaux": 62
            },
            {
              "tag": "first_or_second_dose",
              "creneaux": 62
            },
            {
              "tag": "third_dose",
              "creneaux": 0
            },
            {
              "tag": "unknown_dose",
              "creneaux": 0
            }
          ]
        },
        {
          "lieu": "doctolib266487pid182638",
          "creneaux_par_tag": [
            {
              "tag": "all",
              "creneaux": 54
            },
            {
              "tag": "first_or_second_dose",
              "creneaux": 54
            },
            {
              "tag": "third_dose",
              "creneaux": 0
            },
            {
              "tag": "unknown_dose",
              "creneaux": 0
            }
          ]
        }
      ]
    },
    {
      "date": "2022-01-22",
      "total": 170,
      "creneaux_par_lieu": [
        {
          "lieu": "doctolib240902pid177715",
          "creneaux_par_tag": [
            {
              "tag": "all",
              "creneaux": 134
            },
            {
              "tag": "first_or_second_dose",
              "creneaux": 92
            },
            {
              "tag": "third_dose",
              "creneaux": 42
            },
            {
              "tag": "unknown_dose",
              "creneaux": 0
            }
          ]
        },
        {
          "lieu": "doctolib257457pid176200",
          "creneaux_par_tag": [
            {
              "tag": "all",
              "creneaux": 36
            },
            {
              "tag": "first_or_second_dose",
              "creneaux": 36
            },
            {
              "tag": "third_dose",
              "creneaux": 0
            },
            {
              "tag": "unknown_dose",
              "creneaux": 0
            }
          ]
        }
      ]
    },
    {
      "date": "2022-01-23",
      "total": 0,
      "creneaux_par_lieu": []
    },
    {
      "date": "2022-01-24",
      "total": 189,
      "creneaux_par_lieu": [
        {
          "lieu": "doctolib240902pid177715",
          "creneaux_par_tag": [
            {
              "tag": "all",
              "creneaux": 141
            },
            {
              "tag": "first_or_second_dose",
              "creneaux": 94
            },
            {
              "tag": "third_dose",
              "creneaux": 47
            },
            {
              "tag": "unknown_dose",
              "creneaux": 0
            }
          ]
        },
        {
          "lieu": "doctolib266487pid182638",
          "creneaux_par_tag": [
            {
              "tag": "all",
              "creneaux": 48
            },
            {
              "tag": "first_or_second_dose",
              "creneaux": 48
            },
            {
              "tag": "third_dose",
              "creneaux": 0
            },
            {
              "tag": "unknown_dose",
              "creneaux": 0
            }
          ]
        }
      ]
    },
    {
      "date": "2022-01-25",
      "total": 220,
      "creneaux_par_lieu": [
        {
          "lieu": "doctolib240902pid177715",
          "creneaux_par_tag": [
            {
              "tag": "all",
              "creneaux": 143
            },
            {
              "tag": "first_or_second_dose",
              "creneaux": 96
            },
            {
              "tag": "third_dose",
              "creneaux": 47
            },
            {
              "tag": "unknown_dose",
              "creneaux": 0
            }
          ]
        },
        {
          "lieu": "doctolib257457pid176200",
          "creneaux_par_tag": [
            {
              "tag": "all",
              "creneaux": 48
            },
            {
              "tag": "first_or_second_dose",
              "creneaux": 48
            },
            {
              "tag": "third_dose",
              "creneaux": 0
            },
            {
              "tag": "unknown_dose",
              "creneaux": 0
            }
          ]
        },
        {
          "lieu": "doctolib266487pid182638",
          "creneaux_par_tag": [
            {
              "tag": "all",
              "creneaux": 29
            },
            {
              "tag": "first_or_second_dose",
              "creneaux": 29
            },
            {
              "tag": "third_dose",
              "creneaux": 0
            },
            {
              "tag": "unknown_dose",
              "creneaux": 0
            }
          ]
        }
      ]
    },
    {
      "date": "2022-01-26",
      "total": 196,
      "creneaux_par_lieu": [
        {
          "lieu": "ordoclicd15a42ac",
          "creneaux_par_tag": [
            {
              "tag": "all",
              "creneaux": 1
            },
            {
              "tag": "first_or_second_dose",
              "creneaux": 0
            },
            {
              "tag": "third_dose",
              "creneaux": 1
            },
            {
              "tag": "unknown_dose",
              "creneaux": 0
            }
          ]
        },
        {
          "lieu": "doctolib294718pid206959",
          "creneaux_par_tag": [
            {
              "tag": "all",
              "creneaux": 9
            },
            {
              "tag": "first_or_second_dose",
              "creneaux": 6
            },
            {
              "tag": "third_dose",
              "creneaux": 3
            },
            {
              "tag": "unknown_dose",
              "creneaux": 0
            }
          ]
        },
        {
          "lieu": "doctolib240902pid177715",
          "creneaux_par_tag": [
            {
              "tag": "all",
              "creneaux": 138
            },
            {
              "tag": "first_or_second_dose",
              "creneaux": 92
            },
            {
              "tag": "third_dose",
              "creneaux": 46
            },
            {
              "tag": "unknown_dose",
              "creneaux": 0
            }
          ]
        },
        {
          "lieu": "doctolib257457pid176200",
          "creneaux_par_tag": [
            {
              "tag": "all",
              "creneaux": 48
            },
            {
              "tag": "first_or_second_dose",
              "creneaux": 48
            },
            {
              "tag": "third_dose",
              "creneaux": 0
            },
            {
              "tag": "unknown_dose",
              "creneaux": 0
            }
          ]
        }
      ]
    },
    {
      "date": "2022-01-27",
      "total": 341,
      "creneaux_par_lieu": [
        {
          "lieu": "doctolib240902pid222455",
          "creneaux_par_tag": [
            {
              "tag": "all",
              "creneaux": 27
            },
            {
              "tag": "first_or_second_dose",
              "creneaux": 18
            },
            {
              "tag": "third_dose",
              "creneaux": 9
            },
            {
              "tag": "unknown_dose",
              "creneaux": 0
            }
          ]
        },
        {
          "lieu": "doctolib240902pid177715",
          "creneaux_par_tag": [
            {
              "tag": "all",
              "creneaux": 144
            },
            {
              "tag": "first_or_second_dose",
              "creneaux": 96
            },
            {
              "tag": "third_dose",
              "creneaux": 48
            },
            {
              "tag": "unknown_dose",
              "creneaux": 0
            }
          ]
        },
        {
          "lieu": "doctolib257457pid176200",
          "creneaux_par_tag": [
            {
              "tag": "all",
              "creneaux": 78
            },
            {
              "tag": "first_or_second_dose",
              "creneaux": 78
            },
            {
              "tag": "third_dose",
              "creneaux": 0
            },
            {
              "tag": "unknown_dose",
              "creneaux": 0
            }
          ]
        },
        {
          "lieu": "doctolib266487pid182638",
          "creneaux_par_tag": [
            {
              "tag": "all",
              "creneaux": 92
            },
            {
              "tag": "first_or_second_dose",
              "creneaux": 92
            },
            {
              "tag": "third_dose",
              "creneaux": 0
            },
            {
              "tag": "unknown_dose",
              "creneaux": 0
            }
          ]
        }
      ]
    },
    {
      "date": "2022-01-28",
      "total": 313,
      "creneaux_par_lieu": [
        {
          "lieu": "ordoclicd15a42ac",
          "creneaux_par_tag": [
            {
              "tag": "all",
              "creneaux": 4
            },
            {
              "tag": "first_or_second_dose",
              "creneaux": 0
            },
            {
              "tag": "third_dose",
              "creneaux": 4
            },
            {
              "tag": "unknown_dose",
              "creneaux": 0
            }
          ]
        },
        {
          "lieu": "doctolib294718pid206959",
          "creneaux_par_tag": [
            {
              "tag": "all",
              "creneaux": 27
            },
            {
              "tag": "first_or_second_dose",
              "creneaux": 18
            },
            {
              "tag": "third_dose",
              "creneaux": 9
            },
            {
              "tag": "unknown_dose",
              "creneaux": 0
            }
          ]
        },
        {
          "lieu": "doctolib240902pid222455",
          "creneaux_par_tag": [
            {
              "tag": "all",
              "creneaux": 18
            },
            {
              "tag": "first_or_second_dose",
              "creneaux": 12
            },
            {
              "tag": "third_dose",
              "creneaux": 6
            },
            {
              "tag": "unknown_dose",
              "creneaux": 0
            }
          ]
        },
        {
          "lieu": "doctolib240902pid177715",
          "creneaux_par_tag": [
            {
              "tag": "all",
              "creneaux": 144
            },
            {
              "tag": "first_or_second_dose",
              "creneaux": 96
            },
            {
              "tag": "third_dose",
              "creneaux": 48
            },
            {
              "tag": "unknown_dose",
              "creneaux": 0
            }
          ]
        },
        {
          "lieu": "doctolib257457pid176200",
          "creneaux_par_tag": [
            {
              "tag": "all",
              "creneaux": 66
            },
            {
              "tag": "first_or_second_dose",
              "creneaux": 66
            },
            {
              "tag": "third_dose",
              "creneaux": 0
            },
            {
              "tag": "unknown_dose",
              "creneaux": 0
            }
          ]
        },
        {
          "lieu": "doctolib266487pid182638",
          "creneaux_par_tag": [
            {
              "tag": "all",
              "creneaux": 54
            },
            {
              "tag": "first_or_second_dose",
              "creneaux": 54
            },
            {
              "tag": "third_dose",
              "creneaux": 0
            },
            {
              "tag": "unknown_dose",
              "creneaux": 0
            }
          ]
        }
      ]
    },
    {
      "date": "2022-01-29",
      "total": 164,
      "creneaux_par_lieu": [
        {
          "lieu": "doctolib294718pid206959",
          "creneaux_par_tag": [
            {
              "tag": "all",
              "creneaux": 6
            },
            {
              "tag": "first_or_second_dose",
              "creneaux": 4
            },
            {
              "tag": "third_dose",
              "creneaux": 2
            },
            {
              "tag": "unknown_dose",
              "creneaux": 0
            }
          ]
        },
        {
          "lieu": "doctolib240902pid177715",
          "creneaux_par_tag": [
            {
              "tag": "all",
              "creneaux": 142
            },
            {
              "tag": "first_or_second_dose",
              "creneaux": 96
            },
            {
              "tag": "third_dose",
              "creneaux": 46
            },
            {
              "tag": "unknown_dose",
              "creneaux": 0
            }
          ]
        },
        {
          "lieu": "doctolib257457pid176200",
          "creneaux_par_tag": [
            {
              "tag": "all",
              "creneaux": 16
            },
            {
              "tag": "first_or_second_dose",
              "creneaux": 16
            },
            {
              "tag": "third_dose",
              "creneaux": 0
            },
            {
              "tag": "unknown_dose",
              "creneaux": 0
            }
          ]
        }
      ]
    },
    {
      "date": "2022-01-30",
      "total": 0,
      "creneaux_par_lieu": []
    },
    {
      "date": "2022-01-31",
      "total": 219,
      "creneaux_par_lieu": [
        {
          "lieu": "doctolib256280pid175467",
          "creneaux_par_tag": [
            {
              "tag": "all",
              "creneaux": 27
            },
            {
              "tag": "first_or_second_dose",
              "creneaux": 18
            },
            {
              "tag": "third_dose",
              "creneaux": 9
            },
            {
              "tag": "unknown_dose",
              "creneaux": 0
            }
          ]
        },
        {
          "lieu": "doctolib266487pid182638",
          "creneaux_par_tag": [
            {
              "tag": "all",
              "creneaux": 96
            },
            {
              "tag": "first_or_second_dose",
              "creneaux": 96
            },
            {
              "tag": "third_dose",
              "creneaux": 0
            },
            {
              "tag": "unknown_dose",
              "creneaux": 0
            }
          ]
        },
        {
          "lieu": "doctolib240902pid177715",
          "creneaux_par_tag": [
            {
              "tag": "all",
              "creneaux": 96
            },
            {
              "tag": "first_or_second_dose",
              "creneaux": 48
            },
            {
              "tag": "third_dose",
              "creneaux": 48
            },
            {
              "tag": "unknown_dose",
              "creneaux": 0
            }
          ]
        }
      ]
    }
  ]
}