{
  "departement": "50",
  "creneaux_quotidiens": [
    {
      "date": "2021-12-02",
      "total": 0,
      "creneaux_par_lieu": []
    },
    {
      "date": "2021-12-03",
      "total": 2,
      "creneaux_par_lieu": [
        {
          "lieu": "doctolib242624pid208738",
          "creneaux_par_tag": [
            {
              "tag": "all",
              "creneaux": 2
            },
            {
              "tag": "first_or_second_dose",
              "creneaux": 1
            },
            {
              "tag": "third_dose",
              "creneaux": 1
            },
            {
              "tag": "unknown_dose",
              "creneaux": 0
            }
          ]
        }
      ]
    },
    {
      "date": "2021-12-04",
      "total": 50,
      "creneaux_par_lieu": [
        {
          "lieu": "doctolib255959pid175175",
          "creneaux_par_tag": [
            {
              "tag": "all",
              "creneaux": 25
            },
            {
              "tag": "first_or_second_dose",
              "creneaux": 18
            },
            {
              "tag": "third_dose",
              "creneaux": 7
            },
            {
              "tag": "unknown_dose",
              "creneaux": 0
            }
          ]
        },
        {
          "lieu": "doctolib135035pid175175",
          "creneaux_par_tag": [
            {
              "tag": "all",
              "creneaux": 25
            },
            {
              "tag": "first_or_second_dose",
              "creneaux": 18
            },
            {
              "tag": "third_dose",
              "creneaux": 7
            },
            {
              "tag": "unknown_dose",
              "creneaux": 0
            }
          ]
        }
      ]
    },
    {
      "date": "2021-12-05",
      "total": 0,
      "creneaux_par_lieu": []
    },
    {
      "date": "2021-12-06",
      "total": 380,
      "creneaux_par_lieu": [
        {
          "lieu": "doctolib255959pid175175",
          "creneaux_par_tag": [
            {
              "tag": "all",
              "creneaux": 150
            },
            {
              "tag": "first_or_second_dose",
              "creneaux": 100
            },
            {
              "tag": "third_dose",
              "creneaux": 50
            },
            {
              "tag": "unknown_dose",
              "creneaux": 0
            }
          ]
        },
        {
          "lieu": "doctolib240706pid208530",
          "creneaux_par_tag": [
            {
              "tag": "all",
              "creneaux": 80
            },
            {
              "tag": "first_or_second_dose",
              "creneaux": 0
            },
            {
              "tag": "third_dose",
              "creneaux": 80
            },
            {
              "tag": "unknown_dose",
              "creneaux": 0
            }
          ]
        },
        {
          "lieu": "doctolib135035pid175175",
          "creneaux_par_tag": [
            {
              "tag": "all",
              "creneaux": 150
            },
            {
              "tag": "first_or_second_dose",
              "creneaux": 100
            },
            {
              "tag": "third_dose",
              "creneaux": 50
            },
            {
              "tag": "unknown_dose",
              "creneaux": 0
            }
          ]
        }
      ]
    },
    {
      "date": "2021-12-07",
      "total": 702,
      "creneaux_par_lieu": [
        {
          "lieu": "doctolib255959pid175175",
          "creneaux_par_tag": [
            {
              "tag": "all",
              "creneaux": 293
            },
            {
              "tag": "first_or_second_dose",
              "creneaux": 195
            },
            {
              "tag": "third_dose",
              "creneaux": 98
            },
            {
              "tag": "unknown_dose",
              "creneaux": 0
            }
          ]
        },
        {
          "lieu": "doctolib240706pid208530",
          "creneaux_par_tag": [
            {
              "tag": "all",
              "creneaux": 70
            },
            {
              "tag": "first_or_second_dose",
              "creneaux": 0
            },
            {
              "tag": "third_dose",
              "creneaux": 70
            },
            {
              "tag": "unknown_dose",
              "creneaux": 0
            }
          ]
        },
        {
          "lieu": "doctolib135035pid175175",
          "creneaux_par_tag": [
            {
              "tag": "all",
              "creneaux": 293
            },
            {
              "tag": "first_or_second_dose",
              "creneaux": 195
            },
            {
              "tag": "third_dose",
              "creneaux": 98
            },
            {
              "tag": "unknown_dose",
              "creneaux": 0
            }
          ]
        },
        {
          "lieu": "doctolib240706pid213394",
          "creneaux_par_tag": [
            {
              "tag": "all",
              "creneaux": 46
            },
            {
              "tag": "first_or_second_dose",
              "creneaux": 0
            },
            {
              "tag": "third_dose",
              "creneaux": 46
            },
            {
              "tag": "unknown_dose",
              "creneaux": 0
            }
          ]
        }
      ]
    },
    {
      "date": "2021-12-08",
      "total": 964,
      "creneaux_par_lieu": [
        {
          "lieu": "keldoc2786pid17298",
          "creneaux_par_tag": [
            {
              "tag": "all",
              "creneaux": 275
            },
            {
              "tag": "first_or_second_dose",
              "creneaux": 165
            },
            {
              "tag": "third_dose",
              "creneaux": 110
            },
            {
              "tag": "unknown_dose",
              "creneaux": 0
            }
          ]
        },
        {
          "lieu": "doctolib255959pid175175",
          "creneaux_par_tag": [
            {
              "tag": "all",
              "creneaux": 303
            },
            {
              "tag": "first_or_second_dose",
              "creneaux": 202
            },
            {
              "tag": "third_dose",
              "creneaux": 101
            },
            {
              "tag": "unknown_dose",
              "creneaux": 0
            }
          ]
        },
        {
          "lieu": "doctolib135035pid175175",
          "creneaux_par_tag": [
            {
              "tag": "all",
              "creneaux": 303
            },
            {
              "tag": "first_or_second_dose",
              "creneaux": 202
            },
            {
              "tag": "third_dose",
              "creneaux": 101
            },
            {
              "tag": "unknown_dose",
              "creneaux": 0
            }
          ]
        },
        {
          "lieu": "doctolib242624pid208738",
          "creneaux_par_tag": [
            {
              "tag": "all",
              "creneaux": 64
            },
            {
              "tag": "first_or_second_dose",
              "creneaux": 32
            },
            {
              "tag": "third_dose",
              "creneaux": 32
            },
            {
              "tag": "unknown_dose",
              "creneaux": 0
            }
          ]
        },
        {
          "lieu": "doctolib242650pid204572",
          "creneaux_par_tag": [
            {
              "tag": "all",
              "creneaux": 19
            },
            {
              "tag": "first_or_second_dose",
              "creneaux": 0
            },
            {
              "tag": "third_dose",
              "creneaux": 19
            },
            {
              "tag": "unknown_dose",
              "creneaux": 0
            }
          ]
        }
      ]
    },
    {
      "date": "2021-12-09",
      "total": 1266,
      "creneaux_par_lieu": [
        {
          "lieu": "keldoc2786pid17298",
          "creneaux_par_tag": [
            {
              "tag": "all",
              "creneaux": 380
            },
            {
              "tag": "first_or_second_dose",
              "creneaux": 228
            },
            {
              "tag": "third_dose",
              "creneaux": 152
            },
            {
              "tag": "unknown_dose",
              "creneaux": 0
            }
          ]
        },
        {
          "lieu": "keldoc2622pid16821",
          "creneaux_par_tag": [
            {
              "tag": "all",
              "creneaux": 5
            },
            {
              "tag": "first_or_second_dose",
              "creneaux": 3
            },
            {
              "tag": "third_dose",
              "creneaux": 2
            },
            {
              "tag": "unknown_dose",
              "creneaux": 0
            }
          ]
        },
        {
          "lieu": "doctolib255959pid175175",
          "creneaux_par_tag": [
            {
              "tag": "all",
              "creneaux": 312
            },
            {
              "tag": "first_or_second_dose",
              "creneaux": 208
            },
            {
              "tag": "third_dose",
              "creneaux": 104
            },
            {
              "tag": "unknown_dose",
              "creneaux": 0
            }
          ]
        },
        {
          "lieu": "doctolib240706pid208530",
          "creneaux_par_tag": [
            {
              "tag": "all",
              "creneaux": 57
            },
            {
              "tag": "first_or_second_dose",
              "creneaux": 0
            },
            {
              "tag": "third_dose",
              "creneaux": 57
            },
            {
              "tag": "unknown_dose",
              "creneaux": 0
            }
          ]
        },
        {
          "lieu": "doctolib135035pid175175",
          "creneaux_par_tag": [
            {
              "tag": "all",
              "creneaux": 312
            },
            {
              "tag": "first_or_second_dose",
              "creneaux": 208
            },
            {
              "tag": "third_dose",
              "creneaux": 104
            },
            {
              "tag": "unknown_dose",
              "creneaux": 0
            }
          ]
        },
        {
          "lieu": "doctolib242624pid208738",
          "creneaux_par_tag": [
            {
              "tag": "all",
              "creneaux": 168
            },
            {
              "tag": "first_or_second_dose",
              "creneaux": 84
            },
            {
              "tag": "third_dose",
              "creneaux": 84
            },
            {
              "tag": "unknown_dose",
              "creneaux": 0
            }
          ]
        },
        {
          "lieu": "doctolib242650pid204572",
          "creneaux_par_tag": [
            {
              "tag": "all",
              "creneaux": 32
            },
            {
              "tag": "first_or_second_dose",
              "creneaux": 0
            },
            {
              "tag": "third_dose",
              "creneaux": 32
            },
            {
              "tag": "unknown_dose",
              "creneaux": 0
            }
          ]
        }
      ]
    },
    {
      "date": "2021-12-10",
      "total": 1269,
      "creneaux_par_lieu": [
        {
          "lieu": "keldoc2786pid17298",
          "creneaux_par_tag": [
            {
              "tag": "all",
              "creneaux": 385
            },
            {
              "tag": "first_or_second_dose",
              "creneaux": 231
            },
            {
              "tag": "third_dose",
              "creneaux": 154
            },
            {
              "tag": "unknown_dose",
              "creneaux": 0
            }
          ]
        },
        {
          "lieu": "doctolib240706pid208530",
          "creneaux_par_tag": [
            {
              "tag": "all",
              "creneaux": 64
            },
            {
              "tag": "first_or_second_dose",
              "creneaux": 0
            },
            {
              "tag": "third_dose",
              "creneaux": 64
            },
            {
              "tag": "unknown_dose",
              "creneaux": 0
            }
          ]
        },
        {
          "lieu": "doctolib242624pid208738",
          "creneaux_par_tag": [
            {
              "tag": "all",
              "creneaux": 130
            },
            {
              "tag": "first_or_second_dose",
              "creneaux": 65
            },
            {
              "tag": "third_dose",
              "creneaux": 65
            },
            {
              "tag": "unknown_dose",
              "creneaux": 0
            }
          ]
        },
        {
          "lieu": "doctolib242650pid204572",
          "creneaux_par_tag": [
            {
              "tag": "all",
              "creneaux": 27
            },
            {
              "tag": "first_or_second_dose",
              "creneaux": 0
            },
            {
              "tag": "third_dose",
              "creneaux": 27
            },
            {
              "tag": "unknown_dose",
              "creneaux": 0
            }
          ]
        },
        {
          "lieu": "doctolib255959pid175175",
          "creneaux_par_tag": [
            {
              "tag": "all",
              "creneaux": 303
            },
            {
              "tag": "first_or_second_dose",
              "creneaux": 202
            },
            {
              "tag": "third_dose",
              "creneaux": 101
            },
            {
              "tag": "unknown_dose",
              "creneaux": 0
            }
          ]
        },
        {
          "lieu": "doctolib135035pid175175",
          "creneaux_par_tag": [
            {
              "tag": "all",
              "creneaux": 303
            },
            {
              "tag": "first_or_second_dose",
              "creneaux": 202
            },
            {
              "tag": "third_dose",
              "creneaux": 101
            },
            {
              "tag": "unknown_dose",
              "creneaux": 0
            }
          ]
        },
        {
          "lieu": "doctolib240706pid213394",
          "creneaux_par_tag": [
            {
              "tag": "all",
              "creneaux": 57
            },
            {
              "tag": "first_or_second_dose",
              "creneaux": 0
            },
            {
              "tag": "third_dose",
              "creneaux": 57
            },
            {
              "tag": "unknown_dose",
              "creneaux": 0
            }
          ]
        }
      ]
    },
    {
      "date": "2021-12-11",
      "total": 1177,
      "creneaux_par_lieu": [
        {
          "lieu": "keldoc2786pid17298",
          "creneaux_par_tag": [
            {
              "tag": "all",
              "creneaux": 355
            },
            {
              "tag": "first_or_second_dose",
              "creneaux": 213
            },
            {
              "tag": "third_dose",
              "creneaux": 142
            },
            {
              "tag": "unknown_dose",
              "creneaux": 0
            }
          ]
        },
        {
          "lieu": "doctolib240706pid208530",
          "creneaux_par_tag": [
            {
              "tag": "all",
              "creneaux": 72
            },
            {
              "tag": "first_or_second_dose",
              "creneaux": 0
            },
            {
              "tag": "third_dose",
              "creneaux": 72
            },
            {
              "tag": "unknown_dose",
              "creneaux": 0
            }
          ]
        },
        {
          "lieu": "doctolib242624pid208738",
          "creneaux_par_tag": [
            {
              "tag": "all",
              "creneaux": 170
            },
            {
              "tag": "first_or_second_dose",
              "creneaux": 85
            },
            {
              "tag": "third_dose",
              "creneaux": 85
            },
            {
              "tag": "unknown_dose",
              "creneaux": 0
            }
          ]
        },
        {
          "lieu": "doctolib242650pid204572",
          "creneaux_par_tag": [
            {
              "tag": "all",
              "creneaux": 4
            },
            {
              "tag": "first_or_second_dose",
              "creneaux": 0
            },
            {
              "tag": "third_dose",
              "creneaux": 4
            },
            {
              "tag": "unknown_dose",
              "creneaux": 0
            }
          ]
        },
        {
          "lieu": "doctolib255959pid175175",
          "creneaux_par_tag": [
            {
              "tag": "all",
              "creneaux": 288
            },
            {
              "tag": "first_or_second_dose",
              "creneaux": 192
            },
            {
              "tag": "third_dose",
              "creneaux": 96
            },
            {
              "tag": "unknown_dose",
              "creneaux": 0
            }
          ]
        },
        {
          "lieu": "doctolib135035pid175175",
          "creneaux_par_tag": [
            {
              "tag": "all",
              "creneaux": 288
            },
            {
              "tag": "first_or_second_dose",
              "creneaux": 192
            },
            {
              "tag": "third_dose",
              "creneaux": 96
            },
            {
              "tag": "unknown_dose",
              "creneaux": 0
            }
          ]
        }
      ]
    },
    {
      "date": "2021-12-12",
      "total": 304,
      "creneaux_par_lieu": [
        {
          "lieu": "doctolib242624pid208738",
          "creneaux_par_tag": [
            {
              "tag": "all",
              "creneaux": 176
            },
            {
              "tag": "first_or_second_dose",
              "creneaux": 88
            },
            {
              "tag": "third_dose",
              "creneaux": 88
            },
            {
              "tag": "unknown_dose",
              "creneaux": 0
            }
          ]
        },
        {
          "lieu": "doctolib240706pid213394",
          "creneaux_par_tag": [
            {
              "tag": "all",
              "creneaux": 48
            },
            {
              "tag": "first_or_second_dose",
              "creneaux": 0
            },
            {
              "tag": "third_dose",
              "creneaux": 48
            },
            {
              "tag": "unknown_dose",
              "creneaux": 0
            }
          ]
        },
        {
          "lieu": "doctolib240706pid208530",
          "creneaux_par_tag": [
            {
              "tag": "all",
              "creneaux": 80
            },
            {
              "tag": "first_or_second_dose",
              "creneaux": 0
            },
            {
              "tag": "third_dose",
              "creneaux": 80
            },
            {
              "tag": "unknown_dose",
              "creneaux": 0
            }
          ]
        }
      ]
    },
    {
      "date": "2021-12-13",
      "total": 1102,
      "creneaux_par_lieu": [
        {
          "lieu": "keldoc2786pid17298",
          "creneaux_par_tag": [
            {
              "tag": "all",
              "creneaux": 405
            },
            {
              "tag": "first_or_second_dose",
              "creneaux": 243
            },
            {
              "tag": "third_dose",
              "creneaux": 162
            },
            {
              "tag": "unknown_dose",
              "creneaux": 0
            }
          ]
        },
        {
          "lieu": "keldoc2622pid16821",
          "creneaux_par_tag": [
            {
              "tag": "all",
              "creneaux": 5
            },
            {
              "tag": "first_or_second_dose",
              "creneaux": 3
            },
            {
              "tag": "third_dose",
              "creneaux": 2
            },
            {
              "tag": "unknown_dose",
              "creneaux": 0
            }
          ]
        },
        {
          "lieu": "doctolib242650pid204572",
          "creneaux_par_tag": [
            {
              "tag": "all",
              "creneaux": 24
            },
            {
              "tag": "first_or_second_dose",
              "creneaux": 0
            },
            {
              "tag": "third_dose",
              "creneaux": 24
            },
            {
              "tag": "unknown_dose",
              "creneaux": 0
            }
          ]
        },
        {
          "lieu": "doctolib255959pid175175",
          "creneaux_par_tag": [
            {
              "tag": "all",
              "creneaux": 303
            },
            {
              "tag": "first_or_second_dose",
              "creneaux": 202
            },
            {
              "tag": "third_dose",
              "creneaux": 101
            },
            {
              "tag": "unknown_dose",
              "creneaux": 0
            }
          ]
        },
        {
          "lieu": "doctolib135035pid175175",
          "creneaux_par_tag": [
            {
              "tag": "all",
              "creneaux": 303
            },
            {
              "tag": "first_or_second_dose",
              "creneaux": 202
            },
            {
              "tag": "third_dose",
              "creneaux": 101
            },
            {
              "tag": "unknown_dose",
              "creneaux": 0
            }
          ]
        },
        {
          "lieu": "doctolib240706pid213394",
          "creneaux_par_tag": [
            {
              "tag": "all",
              "creneaux": 62
            },
            {
              "tag": "first_or_second_dose",
              "creneaux": 0
            },
            {
              "tag": "third_dose",
              "creneaux": 62
            },
            {
              "tag": "unknown_dose",
              "creneaux": 0
            }
          ]
        }
      ]
    },
    {
      "date": "2021-12-14",
      "total": 1273,
      "creneaux_par_lieu": [
        {
          "lieu": "keldoc2786pid17298",
          "creneaux_par_tag": [
            {
              "tag": "all",
              "creneaux": 410
            },
            {
              "tag": "first_or_second_dose",
              "creneaux": 246
            },
            {
              "tag": "third_dose",
              "creneaux": 164
            },
            {
              "tag": "unknown_dose",
              "creneaux": 0
            }
          ]
        },
        {
          "lieu": "keldoc2622pid16821",
          "creneaux_par_tag": [
            {
              "tag": "all",
              "creneaux": 180
            },
            {
              "tag": "first_or_second_dose",
              "creneaux": 108
            },
            {
              "tag": "third_dose",
              "creneaux": 72
            },
            {
              "tag": "unknown_dose",
              "creneaux": 0
            }
          ]
        },
        {
          "lieu": "doctolib242650pid204572",
          "creneaux_par_tag": [
            {
              "tag": "all",
              "creneaux": 41
            },
            {
              "tag": "first_or_second_dose",
              "creneaux": 0
            },
            {
              "tag": "third_dose",
              "creneaux": 41
            },
            {
              "tag": "unknown_dose",
              "creneaux": 0
            }
          ]
        },
        {
          "lieu": "doctolib255959pid175175",
          "creneaux_par_tag": [
            {
              "tag": "all",
              "creneaux": 321
            },
            {
              "tag": "first_or_second_dose",
              "creneaux": 214
            },
            {
              "tag": "third_dose",
              "creneaux": 107
            },
            {
              "tag": "unknown_dose",
              "creneaux": 0
            }
          ]
        },
        {
          "lieu": "doctolib135035pid175175",
          "creneaux_par_tag": [
            {
              "tag": "all",
              "creneaux": 321
            },
            {
              "tag": "first_or_second_dose",
              "creneaux": 214
            },
            {
              "tag": "third_dose",
              "creneaux": 107
            },
            {
              "tag": "unknown_dose",
              "creneaux": 0
            }
          ]
        }
      ]
    },
    {
      "date": "2021-12-15",
      "total": 1383,
      "creneaux_par_lieu": [
        {
          "lieu": "keldoc2786pid17298",
          "creneaux_par_tag": [
            {
              "tag": "all",
              "creneaux": 415
            },
            {
              "tag": "first_or_second_dose",
              "creneaux": 249
            },
            {
              "tag": "third_dose",
              "creneaux": 166
            },
            {
              "tag": "unknown_dose",
              "creneaux": 0
            }
          ]
        },
        {
          "lieu": "keldoc2622pid16821",
          "creneaux_par_tag": [
            {
              "tag": "all",
              "creneaux": 290
            },
            {
              "tag": "first_or_second_dose",
              "creneaux": 174
            },
            {
              "tag": "third_dose",
              "creneaux": 116
            },
            {
              "tag": "unknown_dose",
              "creneaux": 0
            }
          ]
        },
        {
          "lieu": "doctolib242650pid204572",
          "creneaux_par_tag": [
            {
              "tag": "all",
              "creneaux": 42
            },
            {
              "tag": "first_or_second_dose",
              "creneaux": 0
            },
            {
              "tag": "third_dose",
              "creneaux": 42
            },
            {
              "tag": "unknown_dose",
              "creneaux": 0
            }
          ]
        },
        {
          "lieu": "doctolib255959pid175175",
          "creneaux_par_tag": [
            {
              "tag": "all",
              "creneaux": 318
            },
            {
              "tag": "first_or_second_dose",
              "creneaux": 212
            },
            {
              "tag": "third_dose",
              "creneaux": 106
            },
            {
              "tag": "unknown_dose",
              "creneaux": 0
            }
          ]
        },
        {
          "lieu": "doctolib135035pid175175",
          "creneaux_par_tag": [
            {
              "tag": "all",
              "creneaux": 318
            },
            {
              "tag": "first_or_second_dose",
              "creneaux": 212
            },
            {
              "tag": "third_dose",
              "creneaux": 106
            },
            {
              "tag": "unknown_dose",
              "creneaux": 0
            }
          ]
        }
      ]
    },
    {
      "date": "2021-12-16",
      "total": 1460,
      "creneaux_par_lieu": [
        {
          "lieu": "keldoc2786pid17298",
          "creneaux_par_tag": [
            {
              "tag": "all",
              "creneaux": 420
            },
            {
              "tag": "first_or_second_dose",
              "creneaux": 252
            },
            {
              "tag": "third_dose",
              "creneaux": 168
            },
            {
              "tag": "unknown_dose",
              "creneaux": 0
            }
          ]
        },
        {
          "lieu": "keldoc2622pid16821",
          "creneaux_par_tag": [
            {
              "tag": "all",
              "creneaux": 337
            },
            {
              "tag": "first_or_second_dose",
              "creneaux": 183
            },
            {
              "tag": "third_dose",
              "creneaux": 154
            },
            {
              "tag": "unknown_dose",
              "creneaux": 0
            }
          ]
        },
        {
          "lieu": "keldoc2650pid16689",
          "creneaux_par_tag": [
            {
              "tag": "all",
              "creneaux": 14
            },
            {
              "tag": "first_or_second_dose",
              "creneaux": 0
            },
            {
              "tag": "third_dose",
              "creneaux": 14
            },
            {
              "tag": "unknown_dose",
              "creneaux": 0
            }
          ]
        },
        {
          "lieu": "doctolib242650pid204572",
          "creneaux_par_tag": [
            {
              "tag": "all",
              "creneaux": 53
            },
            {
              "tag": "first_or_second_dose",
              "creneaux": 0
            },
            {
              "tag": "third_dose",
              "creneaux": 53
            },
            {
              "tag": "unknown_dose",
              "creneaux": 0
            }
          ]
        },
        {
          "lieu": "doctolib255959pid175175",
          "creneaux_par_tag": [
            {
              "tag": "all",
              "creneaux": 318
            },
            {
              "tag": "first_or_second_dose",
              "creneaux": 212
            },
            {
              "tag": "third_dose",
              "creneaux": 106
            },
            {
              "tag": "unknown_dose",
              "creneaux": 0
            }
          ]
        },
        {
          "lieu": "doctolib135035pid175175",
          "creneaux_par_tag": [
            {
              "tag": "all",
              "creneaux": 318
            },
            {
              "tag": "first_or_second_dose",
              "creneaux": 212
            },
            {
              "tag": "third_dose",
              "creneaux": 106
            },
            {
              "tag": "unknown_dose",
              "creneaux": 0
            }
          ]
        }
      ]
    },
    {
      "date": "2021-12-17",
      "total": 1264,
      "creneaux_par_lieu": [
        {
          "lieu": "keldoc2786pid17298",
          "creneaux_par_tag": [
            {
              "tag": "all",
              "creneaux": 415
            },
            {
              "tag": "first_or_second_dose",
              "creneaux": 249
            },
            {
              "tag": "third_dose",
              "creneaux": 166
            },
            {
              "tag": "unknown_dose",
              "creneaux": 0
            }
          ]
        },
        {
          "lieu": "keldoc2650pid16689",
          "creneaux_par_tag": [
            {
              "tag": "all",
              "creneaux": 32
            },
            {
              "tag": "first_or_second_dose",
              "creneaux": 0
            },
            {
              "tag": "third_dose",
              "creneaux": 32
            },
            {
              "tag": "unknown_dose",
              "creneaux": 0
            }
          ]
        },
        {
          "lieu": "keldoc2622pid16821",
          "creneaux_par_tag": [
            {
              "tag": "all",
              "creneaux": 134
            },
            {
              "tag": "first_or_second_dose",
              "creneaux": 0
            },
            {
              "tag": "third_dose",
              "creneaux": 134
            },
            {
              "tag": "unknown_dose",
              "creneaux": 0
            }
          ]
        },
        {
          "lieu": "doctolib242650pid204572",
          "creneaux_par_tag": [
            {
              "tag": "all",
              "creneaux": 65
            },
            {
              "tag": "first_or_second_dose",
              "creneaux": 0
            },
            {
              "tag": "third_dose",
              "creneaux": 65
            },
            {
              "tag": "unknown_dose",
              "creneaux": 0
            }
          ]
        },
        {
          "lieu": "doctolib255959pid175175",
          "creneaux_par_tag": [
            {
              "tag": "all",
              "creneaux": 309
            },
            {
              "tag": "first_or_second_dose",
              "creneaux": 206
            },
            {
              "tag": "third_dose",
              "creneaux": 103
            },
            {
              "tag": "unknown_dose",
              "creneaux": 0
            }
          ]
        },
        {
          "lieu": "doctolib135035pid175175",
          "creneaux_par_tag": [
            {
              "tag": "all",
              "creneaux": 309
            },
            {
              "tag": "first_or_second_dose",
              "creneaux": 206
            },
            {
              "tag": "third_dose",
              "creneaux": 103
            },
            {
              "tag": "unknown_dose",
              "creneaux": 0
            }
          ]
        }
      ]
    },
    {
      "date": "2021-12-18",
      "total": 1020,
      "creneaux_par_lieu": [
        {
          "lieu": "keldoc2786pid17298",
          "creneaux_par_tag": [
            {
              "tag": "all",
              "creneaux": 405
            },
            {
              "tag": "first_or_second_dose",
              "creneaux": 243
            },
            {
              "tag": "third_dose",
              "creneaux": 162
            },
            {
              "tag": "unknown_dose",
              "creneaux": 0
            }
          ]
        },
        {
          "lieu": "keldoc2650pid16689",
          "creneaux_par_tag": [
            {
              "tag": "all",
              "creneaux": 2
            },
            {
              "tag": "first_or_second_dose",
              "creneaux": 0
            },
            {
              "tag": "third_dose",
              "creneaux": 2
            },
            {
              "tag": "unknown_dose",
              "creneaux": 0
            }
          ]
        },
        {
          "lieu": "doctolib242650pid204572",
          "creneaux_par_tag": [
            {
              "tag": "all",
              "creneaux": 25
            },
            {
              "tag": "first_or_second_dose",
              "creneaux": 0
            },
            {
              "tag": "third_dose",
              "creneaux": 25
            },
            {
              "tag": "unknown_dose",
              "creneaux": 0
            }
          ]
        },
        {
          "lieu": "doctolib255959pid175175",
          "creneaux_par_tag": [
            {
              "tag": "all",
              "creneaux": 294
            },
            {
              "tag": "first_or_second_dose",
              "creneaux": 196
            },
            {
              "tag": "third_dose",
              "creneaux": 98
            },
            {
              "tag": "unknown_dose",
              "creneaux": 0
            }
          ]
        },
        {
          "lieu": "doctolib135035pid175175",
          "creneaux_par_tag": [
            {
              "tag": "all",
              "creneaux": 294
            },
            {
              "tag": "first_or_second_dose",
              "creneaux": 196
            },
            {
              "tag": "third_dose",
              "creneaux": 98
            },
            {
              "tag": "unknown_dose",
              "creneaux": 0
            }
          ]
        }
      ]
    },
    {
      "date": "2021-12-19",
      "total": 0,
      "creneaux_par_lieu": []
    },
    {
      "date": "2021-12-20",
      "total": 1172,
      "creneaux_par_lieu": [
        {
          "lieu": "keldoc2786pid17298",
          "creneaux_par_tag": [
            {
              "tag": "all",
              "creneaux": 400
            },
            {
              "tag": "first_or_second_dose",
              "creneaux": 240
            },
            {
              "tag": "third_dose",
              "creneaux": 160
            },
            {
              "tag": "unknown_dose",
              "creneaux": 0
            }
          ]
        },
        {
          "lieu": "keldoc2650pid16689",
          "creneaux_par_tag": [
            {
              "tag": "all",
              "creneaux": 30
            },
            {
              "tag": "first_or_second_dose",
              "creneaux": 0
            },
            {
              "tag": "third_dose",
              "creneaux": 30
            },
            {
              "tag": "unknown_dose",
              "creneaux": 0
            }
          ]
        },
        {
          "lieu": "keldoc2622pid16821",
          "creneaux_par_tag": [
            {
              "tag": "all",
              "creneaux": 126
            },
            {
              "tag": "first_or_second_dose",
              "creneaux": 0
            },
            {
              "tag": "third_dose",
              "creneaux": 126
            },
            {
              "tag": "unknown_dose",
              "creneaux": 0
            }
          ]
        },
        {
          "lieu": "doctolib255959pid175175",
          "creneaux_par_tag": [
            {
              "tag": "all",
              "creneaux": 308
            },
            {
              "tag": "first_or_second_dose",
              "creneaux": 205
            },
            {
              "tag": "third_dose",
              "creneaux": 103
            },
            {
              "tag": "unknown_dose",
              "creneaux": 0
            }
          ]
        },
        {
          "lieu": "doctolib135035pid175175",
          "creneaux_par_tag": [
            {
              "tag": "all",
              "creneaux": 308
            },
            {
              "tag": "first_or_second_dose",
              "creneaux": 205
            },
            {
              "tag": "third_dose",
              "creneaux": 103
            },
            {
              "tag": "unknown_dose",
              "creneaux": 0
            }
          ]
        }
      ]
    },
    {
      "date": "2021-12-21",
      "total": 1428,
      "creneaux_par_lieu": [
        {
          "lieu": "keldoc2786pid17298",
          "creneaux_par_tag": [
            {
              "tag": "all",
              "creneaux": 420
            },
            {
              "tag": "first_or_second_dose",
              "creneaux": 252
            },
            {
              "tag": "third_dose",
              "creneaux": 168
            },
            {
              "tag": "unknown_dose",
              "creneaux": 0
            }
          ]
        },
        {
          "lieu": "keldoc2650pid16689",
          "creneaux_par_tag": [
            {
              "tag": "all",
              "creneaux": 146
            },
            {
              "tag": "first_or_second_dose",
              "creneaux": 0
            },
            {
              "tag": "third_dose",
              "creneaux": 146
            },
            {
              "tag": "unknown_dose",
              "creneaux": 0
            }
          ]
        },
        {
          "lieu": "keldoc2622pid16821",
          "creneaux_par_tag": [
            {
              "tag": "all",
              "creneaux": 160
            },
            {
              "tag": "first_or_second_dose",
              "creneaux": 0
            },
            {
              "tag": "third_dose",
              "creneaux": 160
            },
            {
              "tag": "unknown_dose",
              "creneaux": 0
            }
          ]
        },
        {
          "lieu": "doctolib294339pid206658",
          "creneaux_par_tag": [
            {
              "tag": "all",
              "creneaux": 60
            },
            {
              "tag": "first_or_second_dose",
              "creneaux": 40
            },
            {
              "tag": "third_dose",
              "creneaux": 20
            },
            {
              "tag": "unknown_dose",
              "creneaux": 0
            }
          ]
        },
        {
          "lieu": "doctolib255959pid175175",
          "creneaux_par_tag": [
            {
              "tag": "all",
              "creneaux": 321
            },
            {
              "tag": "first_or_second_dose",
              "creneaux": 214
            },
            {
              "tag": "third_dose",
              "creneaux": 107
            },
            {
              "tag": "unknown_dose",
              "creneaux": 0
            }
          ]
        },
        {
          "lieu": "doctolib135035pid175175",
          "creneaux_par_tag": [
            {
              "tag": "all",
              "creneaux": 321
            },
            {
              "tag": "first_or_second_dose",
              "creneaux": 214
            },
            {
              "tag": "third_dose",
              "creneaux": 107
            },
            {
              "tag": "unknown_dose",
              "creneaux": 0
            }
          ]
        }
      ]
    },
    {
      "date": "2021-12-22",
      "total": 1523,
      "creneaux_par_lieu": [
        {
          "lieu": "keldoc2786pid17298",
          "creneaux_par_tag": [
            {
              "tag": "all",
              "creneaux": 415
            },
            {
              "tag": "first_or_second_dose",
              "creneaux": 249
            },
            {
              "tag": "third_dose",
              "creneaux": 166
            },
            {
              "tag": "unknown_dose",
              "creneaux": 0
            }
          ]
        },
        {
          "lieu": "keldoc2650pid16689",
          "creneaux_par_tag": [
            {
              "tag": "all",
              "creneaux": 154
            },
            {
              "tag": "first_or_second_dose",
              "creneaux": 0
            },
            {
              "tag": "third_dose",
              "creneaux": 154
            },
            {
              "tag": "unknown_dose",
              "creneaux": 0
            }
          ]
        },
        {
          "lieu": "keldoc2622pid16821",
          "creneaux_par_tag": [
            {
              "tag": "all",
              "creneaux": 162
            },
            {
              "tag": "first_or_second_dose",
              "creneaux": 0
            },
            {
              "tag": "third_dose",
              "creneaux": 162
            },
            {
              "tag": "unknown_dose",
              "creneaux": 0
            }
          ]
        },
        {
          "lieu": "doctolib294339pid206658",
          "creneaux_par_tag": [
            {
              "tag": "all",
              "creneaux": 144
            },
            {
              "tag": "first_or_second_dose",
              "creneaux": 96
            },
            {
              "tag": "third_dose",
              "creneaux": 48
            },
            {
              "tag": "unknown_dose",
              "creneaux": 0
            }
          ]
        },
        {
          "lieu": "doctolib255959pid175175",
          "creneaux_par_tag": [
            {
              "tag": "all",
              "creneaux": 324
            },
            {
              "tag": "first_or_second_dose",
              "creneaux": 216
            },
            {
              "tag": "third_dose",
              "creneaux": 108
            },
            {
              "tag": "unknown_dose",
              "creneaux": 0
            }
          ]
        },
        {
          "lieu": "doctolib135035pid175175",
          "creneaux_par_tag": [
            {
              "tag": "all",
              "creneaux": 324
            },
            {
              "tag": "first_or_second_dose",
              "creneaux": 216
            },
            {
              "tag": "third_dose",
              "creneaux": 108
            },
            {
              "tag": "unknown_dose",
              "creneaux": 0
            }
          ]
        }
      ]
    },
    {
      "date": "2021-12-23",
      "total": 795,
      "creneaux_par_lieu": [
        {
          "lieu": "doctolib294339pid206658",
          "creneaux_par_tag": [
            {
              "tag": "all",
              "creneaux": 165
            },
            {
              "tag": "first_or_second_dose",
              "creneaux": 110
            },
            {
              "tag": "third_dose",
              "creneaux": 55
            },
            {
              "tag": "unknown_dose",
              "creneaux": 0
            }
          ]
        },
        {
          "lieu": "doctolib255959pid175175",
          "creneaux_par_tag": [
            {
              "tag": "all",
              "creneaux": 315
            },
            {
              "tag": "first_or_second_dose",
              "creneaux": 210
            },
            {
              "tag": "third_dose",
              "creneaux": 105
            },
            {
              "tag": "unknown_dose",
              "creneaux": 0
            }
          ]
        },
        {
          "lieu": "doctolib135035pid175175",
          "creneaux_par_tag": [
            {
              "tag": "all",
              "creneaux": 315
            },
            {
              "tag": "first_or_second_dose",
              "creneaux": 210
            },
            {
              "tag": "third_dose",
              "creneaux": 105
            },
            {
              "tag": "unknown_dose",
              "creneaux": 0
            }
          ]
        }
      ]
    },
    {
      "date": "2021-12-24",
      "total": 498,
      "creneaux_par_lieu": [
        {
          "lieu": "doctolib135035pid175175",
          "creneaux_par_tag": [
            {
              "tag": "all",
              "creneaux": 177
            },
            {
              "tag": "first_or_second_dose",
              "creneaux": 118
            },
            {
              "tag": "third_dose",
              "creneaux": 59
            },
            {
              "tag": "unknown_dose",
              "creneaux": 0
            }
          ]
        },
        {
          "lieu": "doctolib255959pid175175",
          "creneaux_par_tag": [
            {
              "tag": "all",
              "creneaux": 321
            },
            {
              "tag": "first_or_second_dose",
              "creneaux": 214
            },
            {
              "tag": "third_dose",
              "creneaux": 107
            },
            {
              "tag": "unknown_dose",
              "creneaux": 0
            }
          ]
        }
      ]
    },
    {
      "date": "2021-12-25",
      "total": 0,
      "creneaux_par_lieu": []
    },
    {
      "date": "2021-12-26",
      "total": 0,
      "creneaux_par_lieu": []
    },
    {
      "date": "2021-12-27",
      "total": 1188,
      "creneaux_par_lieu": [
        {
          "lieu": "keldoc2786pid17298",
          "creneaux_par_tag": [
            {
              "tag": "all",
              "creneaux": 395
            },
            {
              "tag": "first_or_second_dose",
              "creneaux": 237
            },
            {
              "tag": "third_dose",
              "creneaux": 158
            },
            {
              "tag": "unknown_dose",
              "creneaux": 0
            }
          ]
        },
        {
          "lieu": "keldoc2650pid16689",
          "creneaux_par_tag": [
            {
              "tag": "all",
              "creneaux": 62
            },
            {
              "tag": "first_or_second_dose",
              "creneaux": 0
            },
            {
              "tag": "third_dose",
              "creneaux": 62
            },
            {
              "tag": "unknown_dose",
              "creneaux": 0
            }
          ]
        },
        {
          "lieu": "keldoc2622pid16821",
          "creneaux_par_tag": [
            {
              "tag": "all",
              "creneaux": 155
            },
            {
              "tag": "first_or_second_dose",
              "creneaux": 0
            },
            {
              "tag": "third_dose",
              "creneaux": 155
            },
            {
              "tag": "unknown_dose",
              "creneaux": 0
            }
          ]
        },
        {
          "lieu": "doctolib135035pid175175",
          "creneaux_par_tag": [
            {
              "tag": "all",
              "creneaux": 288
            },
            {
              "tag": "first_or_second_dose",
              "creneaux": 192
            },
            {
              "tag": "third_dose",
              "creneaux": 96
            },
            {
              "tag": "unknown_dose",
              "creneaux": 0
            }
          ]
        },
        {
          "lieu": "doctolib255959pid175175",
          "creneaux_par_tag": [
            {
              "tag": "all",
              "creneaux": 288
            },
            {
              "tag": "first_or_second_dose",
              "creneaux": 192
            },
            {
              "tag": "third_dose",
              "creneaux": 96
            },
            {
              "tag": "unknown_dose",
              "creneaux": 0
            }
          ]
        }
      ]
    },
    {
      "date": "2021-12-28",
      "total": 1295,
      "creneaux_par_lieu": [
        {
          "lieu": "keldoc2786pid17298",
          "creneaux_par_tag": [
            {
              "tag": "all",
              "creneaux": 415
            },
            {
              "tag": "first_or_second_dose",
              "creneaux": 249
            },
            {
              "tag": "third_dose",
              "creneaux": 166
            },
            {
              "tag": "unknown_dose",
              "creneaux": 0
            }
          ]
        },
        {
          "lieu": "keldoc2650pid16689",
          "creneaux_par_tag": [
            {
              "tag": "all",
              "creneaux": 80
            },
            {
              "tag": "first_or_second_dose",
              "creneaux": 0
            },
            {
              "tag": "third_dose",
              "creneaux": 80
            },
            {
              "tag": "unknown_dose",
              "creneaux": 0
            }
          ]
        },
        {
          "lieu": "keldoc2622pid16821",
          "creneaux_par_tag": [
            {
              "tag": "all",
              "creneaux": 158
            },
            {
              "tag": "first_or_second_dose",
              "creneaux": 0
            },
            {
              "tag": "third_dose",
              "creneaux": 158
            },
            {
              "tag": "unknown_dose",
              "creneaux": 0
            }
          ]
        },
        {
          "lieu": "doctolib135035pid175175",
          "creneaux_par_tag": [
            {
              "tag": "all",
              "creneaux": 321
            },
            {
              "tag": "first_or_second_dose",
              "creneaux": 214
            },
            {
              "tag": "third_dose",
              "creneaux": 107
            },
            {
              "tag": "unknown_dose",
              "creneaux": 0
            }
          ]
        },
        {
          "lieu": "doctolib255959pid175175",
          "creneaux_par_tag": [
            {
              "tag": "all",
              "creneaux": 321
            },
            {
              "tag": "first_or_second_dose",
              "creneaux": 214
            },
            {
              "tag": "third_dose",
              "creneaux": 107
            },
            {
              "tag": "unknown_dose",
              "creneaux": 0
            }
          ]
        }
      ]
    },
    {
      "date": "2021-12-29",
      "total": 1402,
      "creneaux_par_lieu": [
        {
          "lieu": "keldoc2786pid17298",
          "creneaux_par_tag": [
            {
              "tag": "all",
              "creneaux": 420
            },
            {
              "tag": "first_or_second_dose",
              "creneaux": 252
            },
            {
              "tag": "third_dose",
              "creneaux": 168
            },
            {
              "tag": "unknown_dose",
              "creneaux": 0
            }
          ]
        },
        {
          "lieu": "keldoc2650pid16689",
          "creneaux_par_tag": [
            {
              "tag": "all",
              "creneaux": 83
            },
            {
              "tag": "first_or_second_dose",
              "creneaux": 0
            },
            {
              "tag": "third_dose",
              "creneaux": 83
            },
            {
              "tag": "unknown_dose",
              "creneaux": 0
            }
          ]
        },
        {
          "lieu": "keldoc2622pid16821",
          "creneaux_par_tag": [
            {
              "tag": "all",
              "creneaux": 160
            },
            {
              "tag": "first_or_second_dose",
              "creneaux": 0
            },
            {
              "tag": "third_dose",
              "creneaux": 160
            },
            {
              "tag": "unknown_dose",
              "creneaux": 0
            }
          ]
        },
        {
          "lieu": "doctolib255959pid175175",
          "creneaux_par_tag": [
            {
              "tag": "all",
              "creneaux": 421
            },
            {
              "tag": "first_or_second_dose",
              "creneaux": 280
            },
            {
              "tag": "third_dose",
              "creneaux": 141
            },
            {
              "tag": "unknown_dose",
              "creneaux": 0
            }
          ]
        },
        {
          "lieu": "doctolib135035pid175175",
          "creneaux_par_tag": [
            {
              "tag": "all",
              "creneaux": 318
            },
            {
              "tag": "first_or_second_dose",
              "creneaux": 212
            },
            {
              "tag": "third_dose",
              "creneaux": 106
            },
            {
              "tag": "unknown_dose",
              "creneaux": 0
            }
          ]
        }
      ]
    },
    {
      "date": "2021-12-30",
      "total": 970,
      "creneaux_par_lieu": [
        {
          "lieu": "doctolib320156pid221760",
          "creneaux_par_tag": [
            {
              "tag": "all",
              "creneaux": 1
            },
            {
              "tag": "first_or_second_dose",
              "creneaux": 0
            },
            {
              "tag": "third_dose",
              "creneaux": 1
            },
            {
              "tag": "unknown_dose",
              "creneaux": 0
            }
          ]
        },
        {
          "lieu": "doctolib255959pid175175",
          "creneaux_par_tag": [
            {
              "tag": "all",
              "creneaux": 645
            },
            {
              "tag": "first_or_second_dose",
              "creneaux": 430
            },
            {
              "tag": "third_dose",
              "creneaux": 215
            },
            {
              "tag": "unknown_dose",
              "creneaux": 0
            }
          ]
        },
        {
          "lieu": "doctolib135035pid175175",
          "creneaux_par_tag": [
            {
              "tag": "all",
              "creneaux": 324
            },
            {
              "tag": "first_or_second_dose",
              "creneaux": 216
            },
            {
              "tag": "third_dose",
              "creneaux": 108
            },
            {
              "tag": "unknown_dose",
              "creneaux": 0
            }
          ]
        }
      ]
    },
    {
      "date": "2021-12-31",
      "total": 555,
      "creneaux_par_lieu": [
        {
          "lieu": "doctolib255959pid175175",
          "creneaux_par_tag": [
            {
              "tag": "all",
              "creneaux": 378
            },
            {
              "tag": "first_or_second_dose",
              "creneaux": 252
            },
            {
              "tag": "third_dose",
              "creneaux": 126
            },
            {
              "tag": "unknown_dose",
              "creneaux": 0
            }
          ]
        },
        {
          "lieu": "doctolib135035pid175175",
          "creneaux_par_tag": [
            {
              "tag": "all",
              "creneaux": 177
            },
            {
              "tag": "first_or_second_dose",
              "creneaux": 118
            },
            {
              "tag": "third_dose",
              "creneaux": 59
            },
            {
              "tag": "unknown_dose",
              "creneaux": 0
            }
          ]
        }
      ]
    },
    {
      "date": "2022-01-01",
      "total": 0,
      "creneaux_par_lieu": []
    },
    {
      "date": "2022-01-02",
      "total": 0,
      "creneaux_par_lieu": []
    },
    {
      "date": "2022-01-03",
      "total": 906,
      "creneaux_par_lieu": [
        {
          "lieu": "doctolib255959pid175175",
          "creneaux_par_tag": [
            {
              "tag": "all",
              "creneaux": 591
            },
            {
              "tag": "first_or_second_dose",
              "creneaux": 394
            },
            {
              "tag": "third_dose",
              "creneaux": 197
            },
            {
              "tag": "unknown_dose",
              "creneaux": 0
            }
          ]
        },
        {
          "lieu": "doctolib135035pid175175",
          "creneaux_par_tag": [
            {
              "tag": "all",
              "creneaux": 315
            },
            {
              "tag": "first_or_second_dose",
              "creneaux": 210
            },
            {
              "tag": "third_dose",
              "creneaux": 105
            },
            {
              "tag": "unknown_dose",
              "creneaux": 0
            }
          ]
        }
      ]
    },
    {
      "date": "2022-01-04",
      "total": 984,
      "creneaux_par_lieu": [
        {
          "lieu": "doctolib323331pid224789",
          "creneaux_par_tag": [
            {
              "tag": "all",
              "creneaux": 15
            },
            {
              "tag": "first_or_second_dose",
              "creneaux": 10
            },
            {
              "tag": "third_dose",
              "creneaux": 5
            },
            {
              "tag": "unknown_dose",
              "creneaux": 0
            }
          ]
        },
        {
          "lieu": "doctolib255959pid175175",
          "creneaux_par_tag": [
            {
              "tag": "all",
              "creneaux": 648
            },
            {
              "tag": "first_or_second_dose",
              "creneaux": 432
            },
            {
              "tag": "third_dose",
              "creneaux": 216
            },
            {
              "tag": "unknown_dose",
              "creneaux": 0
            }
          ]
        },
        {
          "lieu": "doctolib135035pid175175",
          "creneaux_par_tag": [
            {
              "tag": "all",
              "creneaux": 321
            },
            {
              "tag": "first_or_second_dose",
              "creneaux": 214
            },
            {
              "tag": "third_dose",
              "creneaux": 107
            },
            {
              "tag": "unknown_dose",
              "creneaux": 0
            }
          ]
        }
      ]
    },
    {
      "date": "2022-01-05",
      "total": 972,
      "creneaux_par_lieu": [
        {
          "lieu": "doctolib255959pid175175",
          "creneaux_par_tag": [
            {
              "tag": "all",
              "creneaux": 651
            },
            {
              "tag": "first_or_second_dose",
              "creneaux": 434
            },
            {
              "tag": "third_dose",
              "creneaux": 217
            },
            {
              "tag": "unknown_dose",
              "creneaux": 0
            }
          ]
        },
        {
          "lieu": "doctolib135035pid175175",
          "creneaux_par_tag": [
            {
              "tag": "all",
              "creneaux": 321
            },
            {
              "tag": "first_or_second_dose",
              "creneaux": 214
            },
            {
              "tag": "third_dose",
              "creneaux": 107
            },
            {
              "tag": "unknown_dose",
              "creneaux": 0
            }
          ]
        }
      ]
    },
    {
      "date": "2022-01-06",
      "total": 996,
      "creneaux_par_lieu": [
        {
          "lieu": "doctolib255959pid175175",
          "creneaux_par_tag": [
            {
              "tag": "all",
              "creneaux": 675
            },
            {
              "tag": "first_or_second_dose",
              "creneaux": 450
            },
            {
              "tag": "third_dose",
              "creneaux": 225
            },
            {
              "tag": "unknown_dose",
              "creneaux": 0
            }
          ]
        },
        {
          "lieu": "doctolib135035pid175175",
          "creneaux_par_tag": [
            {
              "tag": "all",
              "creneaux": 321
            },
            {
              "tag": "first_or_second_dose",
              "creneaux": 214
            },
            {
              "tag": "third_dose",
              "creneaux": 107
            },
            {
              "tag": "unknown_dose",
              "creneaux": 0
            }
          ]
        }
      ]
    },
    {
      "date": "2022-01-07",
      "total": 957,
      "creneaux_par_lieu": [
        {
          "lieu": "doctolib255959pid175175",
          "creneaux_par_tag": [
            {
              "tag": "all",
              "creneaux": 642
            },
            {
              "tag": "first_or_second_dose",
              "creneaux": 428
            },
            {
              "tag": "third_dose",
              "creneaux": 214
            },
            {
              "tag": "unknown_dose",
              "creneaux": 0
            }
          ]
        },
        {
          "lieu": "doctolib135035pid175175",
          "creneaux_par_tag": [
            {
              "tag": "all",
              "creneaux": 315
            },
            {
              "tag": "first_or_second_dose",
              "creneaux": 210
            },
            {
              "tag": "third_dose",
              "creneaux": 105
            },
            {
              "tag": "unknown_dose",
              "creneaux": 0
            }
          ]
        }
      ]
    },
    {
      "date": "2022-01-08",
      "total": 819,
      "creneaux_par_lieu": [
        {
          "lieu": "doctolib255959pid175175",
          "creneaux_par_tag": [
            {
              "tag": "all",
              "creneaux": 510
            },
            {
              "tag": "first_or_second_dose",
              "creneaux": 340
            },
            {
              "tag": "third_dose",
              "creneaux": 170
            },
            {
              "tag": "unknown_dose",
              "creneaux": 0
            }
          ]
        },
        {
          "lieu": "doctolib135035pid175175",
          "creneaux_par_tag": [
            {
              "tag": "all",
              "creneaux": 309
            },
            {
              "tag": "first_or_second_dose",
              "creneaux": 206
            },
            {
              "tag": "third_dose",
              "creneaux": 103
            },
            {
              "tag": "unknown_dose",
              "creneaux": 0
            }
          ]
        }
      ]
    },
    {
      "date": "2022-01-09",
      "total": 0,
      "creneaux_par_lieu": []
    },
    {
      "date": "2022-01-10",
      "total": 0,
      "creneaux_par_lieu": []
    },
    {
      "date": "2022-01-11",
      "total": 87,
      "creneaux_par_lieu": [
        {
          "lieu": "doctolib294339pid206658",
          "creneaux_par_tag": [
            {
              "tag": "all",
              "creneaux": 87
            },
            {
              "tag": "first_or_second_dose",
              "creneaux": 58
            },
            {
              "tag": "third_dose",
              "creneaux": 29
            },
            {
              "tag": "unknown_dose",
              "creneaux": 0
            }
          ]
        }
      ]
    },
    {
      "date": "2022-01-12",
      "total": 198,
      "creneaux_par_lieu": [
        {
          "lieu": "doctolib294339pid206658",
          "creneaux_par_tag": [
            {
              "tag": "all",
              "creneaux": 198
            },
            {
              "tag": "first_or_second_dose",
              "creneaux": 132
            },
            {
              "tag": "third_dose",
              "creneaux": 66
            },
            {
              "tag": "unknown_dose",
              "creneaux": 0
            }
          ]
        }
      ]
    },
    {
      "date": "2022-01-13",
      "total": 195,
      "creneaux_par_lieu": [
        {
          "lieu": "doctolib294339pid206658",
          "creneaux_par_tag": [
            {
              "tag": "all",
              "creneaux": 192
            },
            {
              "tag": "first_or_second_dose",
              "creneaux": 128
            },
            {
              "tag": "third_dose",
              "creneaux": 64
            },
            {
              "tag": "unknown_dose",
              "creneaux": 0
            }
          ]
        },
        {
          "lieu": "doctolib272985pid188397",
          "creneaux_par_tag": [
            {
              "tag": "all",
              "creneaux": 3
            },
            {
              "tag": "first_or_second_dose",
              "creneaux": 2
            },
            {
              "tag": "third_dose",
              "creneaux": 1
            },
            {
              "tag": "unknown_dose",
              "creneaux": 0
            }
          ]
        }
      ]
    },
    {
      "date": "2022-01-14",
      "total": 144,
      "creneaux_par_lieu": [
        {
          "lieu": "doctolib294339pid206658",
          "creneaux_par_tag": [
            {
              "tag": "all",
              "creneaux": 144
            },
            {
              "tag": "first_or_second_dose",
              "creneaux": 96
            },
            {
              "tag": "third_dose",
              "creneaux": 48
            },
            {
              "tag": "unknown_dose",
              "creneaux": 0
            }
          ]
        }
      ]
    },
    {
      "date": "2022-01-15",
      "total": 0,
      "creneaux_par_lieu": []
    },
    {
      "date": "2022-01-16",
      "total": 0,
      "creneaux_par_lieu": []
    },
    {
      "date": "2022-01-17",
      "total": 0,
      "creneaux_par_lieu": []
    },
    {
      "date": "2022-01-18",
      "total": 0,
      "creneaux_par_lieu": []
    },
    {
      "date": "2022-01-19",
      "total": 0,
      "creneaux_par_lieu": []
    },
    {
      "date": "2022-01-20",
      "total": 0,
      "creneaux_par_lieu": []
    },
    {
      "date": "2022-01-21",
      "total": 0,
      "creneaux_par_lieu": []
    },
    {
      "date": "2022-01-22",
      "total": 0,
      "creneaux_par_lieu": []
    },
    {
      "date": "2022-01-23",
      "total": 0,
      "creneaux_par_lieu": []
    },
    {
      "date": "2022-01-24",
      "total": 141,
      "creneaux_par_lieu": [
        {
          "lieu": "doctolib294339pid206658",
          "creneaux_par_tag": [
            {
              "tag": "all",
              "creneaux": 135
            },
            {
              "tag": "first_or_second_dose",
              "creneaux": 90
            },
            {
              "tag": "third_dose",
              "creneaux": 45
            },
            {
              "tag": "unknown_dose",
              "creneaux": 0
            }
          ]
        },
        {
          "lieu": "doctolib292941pid205495",
          "creneaux_par_tag": [
            {
              "tag": "all",
              "creneaux": 6
            },
            {
              "tag": "first_or_second_dose",
              "creneaux": 4
            },
            {
              "tag": "third_dose",
              "creneaux": 2
            },
            {
              "tag": "unknown_dose",
              "creneaux": 0
            }
          ]
        }
      ]
    },
    {
      "date": "2022-01-25",
      "total": 252,
      "creneaux_par_lieu": [
        {
          "lieu": "doctolib294339pid206658",
          "creneaux_par_tag": [
            {
              "tag": "all",
              "creneaux": 222
            },
            {
              "tag": "first_or_second_dose",
              "creneaux": 148
            },
            {
              "tag": "third_dose",
              "creneaux": 74
            },
            {
              "tag": "unknown_dose",
              "creneaux": 0
            }
          ]
        },
        {
          "lieu": "doctolib292941pid205495",
          "creneaux_par_tag": [
            {
              "tag": "all",
              "creneaux": 30
            },
            {
              "tag": "first_or_second_dose",
              "creneaux": 20
            },
            {
              "tag": "third_dose",
              "creneaux": 10
            },
            {
              "tag": "unknown_dose",
              "creneaux": 0
            }
          ]
        }
      ]
    },
    {
      "date": "2022-01-26",
      "total": 264,
      "creneaux_par_lieu": [
        {
          "lieu": "doctolib294339pid206658",
          "creneaux_par_tag": [
            {
              "tag": "all",
              "creneaux": 222
            },
            {
              "tag": "first_or_second_dose",
              "creneaux": 148
            },
            {
              "tag": "third_dose",
              "creneaux": 74
            },
            {
              "tag": "unknown_dose",
              "creneaux": 0
            }
          ]
        },
        {
          "lieu": "doctolib292941pid205495",
          "creneaux_par_tag": [
            {
              "tag": "all",
              "creneaux": 42
            },
            {
              "tag": "first_or_second_dose",
              "creneaux": 28
            },
            {
              "tag": "third_dose",
              "creneaux": 14
            },
            {
              "tag": "unknown_dose",
              "creneaux": 0
            }
          ]
        }
      ]
    },
    {
      "date": "2022-01-27",
      "total": 264,
      "creneaux_par_lieu": [
        {
          "lieu": "doctolib294339pid206658",
          "creneaux_par_tag": [
            {
              "tag": "all",
              "creneaux": 222
            },
            {
              "tag": "first_or_second_dose",
              "creneaux": 148
            },
            {
              "tag": "third_dose",
              "creneaux": 74
            },
            {
              "tag": "unknown_dose",
              "creneaux": 0
            }
          ]
        },
        {
          "lieu": "doctolib292941pid205495",
          "creneaux_par_tag": [
            {
              "tag": "all",
              "creneaux": 42
            },
            {
              "tag": "first_or_second_dose",
              "creneaux": 28
            },
            {
              "tag": "third_dose",
              "creneaux": 14
            },
            {
              "tag": "unknown_dose",
              "creneaux": 0
            }
          ]
        }
      ]
    },
    {
      "date": "2022-01-28",
      "total": 264,
      "creneaux_par_lieu": [
        {
          "lieu": "doctolib294339pid206658",
          "creneaux_par_tag": [
            {
              "tag": "all",
              "creneaux": 222
            },
            {
              "tag": "first_or_second_dose",
              "creneaux": 148
            },
            {
              "tag": "third_dose",
              "creneaux": 74
            },
            {
              "tag": "unknown_dose",
              "creneaux": 0
            }
          ]
        },
        {
          "lieu": "doctolib292941pid205495",
          "creneaux_par_tag": [
            {
              "tag": "all",
              "creneaux": 42
            },
            {
              "tag": "first_or_second_dose",
              "creneaux": 28
            },
            {
              "tag": "third_dose",
              "creneaux": 14
            },
            {
              "tag": "unknown_dose",
              "creneaux": 0
            }
          ]
        }
      ]
    },
    {
      "date": "2022-01-29",
      "total": 0,
      "creneaux_par_lieu": []
    },
    {
      "date": "2022-01-30",
      "total": 0,
      "creneaux_par_lieu": []
    },
    {
      "date": "2022-01-31",
      "total": 42,
      "creneaux_par_lieu": [
        {
          "lieu": "doctolib292941pid205495",
          "creneaux_par_tag": [
            {
              "tag": "all",
              "creneaux": 42
            },
            {
              "tag": "first_or_second_dose",
              "creneaux": 28
            },
            {
              "tag": "third_dose",
              "creneaux": 14
            },
            {
              "tag": "unknown_dose",
              "creneaux": 0
            }
          ]
        }
      ]
    }
  ]
}