{
  "version": 1,
  "last_updated": "2021-12-02T14:03:00+01:00",
  "centres_disponibles": [
    {
      "departement": "14",
      "nom": "👷🏽CHU CAEN - Vaccination Covid-19",
      "url": "https://www.doctolib.fr/vaccination-covid-19/caen/chu-caen-vaccination-covid?pid=practice-163773",
      "location": {
        "longitude": -0.3616914,
        "latitude": 49.205931,
        "city": "CAEN",
        "cp": "14033"
      },
      "metadata": {
        "address": "AVENUE COTE DE NACRE, 14033 CAEN",
        "business_hours": {
          "lundi": "10:00-16:30",
          "mardi": "10:00-16:30",
          "mercredi": "10:00-16:30",
          "jeudi": "10:00-16:30",
          "vendredi": "10:00-16:30",
          "samedi": null,
          "dimanche": null
        },
        "phone_number": "+33279461156"
      },
      "prochain_rdv": "2021-12-02T14:40:00+01:00",
      "plateforme": "Doctolib",
      "type": "vaccination-center",
      "appointment_count": 1811,
      "internal_id": "doctolib242029pid163773",
      "vaccine_type": [
        "Pfizer-BioNTech"
      ],
      "appointment_by_phone_only": false,
      "erreur": null,
      "last_scan_with_availabilities": null,
      "request_counts": null
    },
    {
      "departement": "14",
      "nom": "👷🏽Centre de vaccination COVID-19 - Op\u00e9rations \u00e9ph\u00e9m\u00e8res Calvados",
      "url": "https://www.doctolib.fr/vaccination-covid-19/mondeville/centre-de-vaccination-covid-19-operations-ephemeres-calvados?pid=practice-205694",
      "location": {
        "longitude": -0.321867,
        "latitude": 49.2086651,
        "city": "H\u00e9rouville-Saint-Clair",
        "cp": "14200"
      },
      "metadata": {
        "address": "D515, 14200 H\u00e9rouville-Saint-Clair",
        "business_hours": {
          "lundi": "09:00-13:00, 14:00-19:00",
          "mardi": null,
          "mercredi": null,
          "jeudi": null,
          "vendredi": null,
          "samedi": null,
          "dimanche": null
        },
        "phone_number": "+33800009110"
      },
      "prochain_rdv": "2021-12-02T16:15:00+01:00",
      "plateforme": "Doctolib",
      "type": "vaccination-center",
      "appointment_count": 206,
      "internal_id": "doctolib288183pid205694",
      "vaccine_type": [
        "Pfizer-BioNTech"
      ],
      "appointment_by_phone_only": false,
      "erreur": null,
      "last_scan_with_availabilities": null,
      "request_counts": null
    },
    {
      "departement": "14",
      "nom": "👷🏽Urgences infirmi\u00e8res 14",
      "url": "https://www.doctolib.fr/vaccination-covid-19/bieville-beuville/urgence-infirmier-14?pid=practice-224340",
      "location": {
        "longitude": -0.3720181,
        "latitude": 49.2294263,
        "city": "Bi\u00e9ville-Beuville",
        "cp": "14112"
      },
      "metadata": {
        "address": "La Bijude, 14112 Bi\u00e9ville-Beuville",
        "business_hours": {
          "lundi": null,
          "mardi": null,
          "mercredi": null,
          "jeudi": null,
          "vendredi": null,
          "samedi": null,
          "dimanche": null
        }
      },
      "prochain_rdv": "2021-12-03T10:15:00+01:00",
      "plateforme": "Doctolib",
      "type": "vaccination-center",
      "appointment_count": 441,
      "internal_id": "doctolib322850pid224340",
      "vaccine_type": [
        "Pfizer-BioNTech"
      ],
      "appointment_by_phone_only": false,
      "erreur": null,
      "last_scan_with_availabilities": null,
      "request_counts": null
    },
    {
      "departement": "14",
      "nom": "👷🏽Urgences infirmi\u00e8res 14",
      "url": "https://www.doctolib.fr/vaccination-covid-19/bieville-beuville/urgence-infirmier-14?pid=practice-225725",
      "location": {
        "longitude": -0.3293803,
        "latitude": 49.2074734,
        "city": "H\u00e9rouville-Saint-Clair",
        "cp": "14200"
      },
      "metadata": {
        "address": "Boulevard du Val, 14200 H\u00e9rouville-Saint-Clair",
        "business_hours": {
          "lundi": null,
          "mardi": null,
          "mercredi": null,
          "jeudi": null,
          "vendredi": null,
          "samedi": null,
          "dimanche": null
        }
      },
      "prochain_rdv": "2021-12-03T10:50:00+01:00",
      "plateforme": "Doctolib",
      "type": "vaccination-center",
      "appointment_count": 288,
      "internal_id": "doctolib322850pid225725",
      "vaccine_type": [
        "Pfizer-BioNTech"
      ],
      "appointment_by_phone_only": false,
      "erreur": null,
      "last_scan_with_availabilities": null,
      "request_counts": null
    },
    {
      "departement": "14",
      "nom": "👷🏽Cabinet SOS de vaccination COVID",
      "url": "https://www.doctolib.fr/vaccination-covid-19/caen/cabinet-sos-de-vaccination-covid?pid=practice-181799",
      "location": {
        "longitude": -0.3461826,
        "latitude": 49.1619932,
        "city": "Caen",
        "cp": "14000"
      },
      "metadata": {
        "address": "3 Place Jean Nouzille, 14000 Caen",
        "business_hours": {
          "lundi": "09:00-13:00, 14:00-18:00",
          "mardi": "09:00-13:00, 14:00-18:00",
          "mercredi": "09:00-13:00, 14:00-18:00",
          "jeudi": "09:00-13:00, 14:00-18:00",
          "vendredi": "09:00-13:00, 14:00-18:00",
          "samedi": null,
          "dimanche": null
        },
        "phone_number": "+33221002200"
      },
      "prochain_rdv": "2021-12-03T11:00:00+01:00",
      "plateforme": "Doctolib",
      "type": "vaccination-center",
      "appointment_count": 363,
      "internal_id": "doctolib265409pid181799",
      "vaccine_type": [
        "Moderna",
        "Pfizer-BioNTech"
      ],
      "appointment_by_phone_only": false,
      "erreur": null,
      "last_scan_with_availabilities": null,
      "request_counts": null
    },
    {
      "departement": "14",
      "nom": "👷🏽Centre de vaccination Covid-19 - CH de Lisieux",
      "url": "https://www.doctolib.fr/vaccination-covid-19/lisieux/centre-de-vaccination-covid-19-ch-de-lisieux?pid=practice-163134",
      "location": {
        "longitude": 0.2353802,
        "latitude": 49.1450904,
        "city": "Lisieux",
        "cp": "14100"
      },
      "metadata": {
        "address": "4 Rue Roger Aini, 14100 Lisieux",
        "business_hours": {
          "lundi": "09:00-16:00",
          "mardi": "09:00-16:00",
          "mercredi": "09:00-16:00",
          "jeudi": "09:00-16:00",
          "vendredi": "09:00-16:00",
          "samedi": null,
          "dimanche": null
        },
        "phone_number": "+33231614130"
      },
      "prochain_rdv": "2021-12-03T13:50:00+01:00",
      "plateforme": "Doctolib",
      "type": "vaccination-center",
      "appointment_count": 694,
      "internal_id": "doctolib240967pid163134",
      "vaccine_type": [
        "Pfizer-BioNTech",
        "Moderna"
      ],
      "appointment_by_phone_only": false,
      "erreur": null,
      "last_scan_with_availabilities": null,
      "request_counts": null
    },
    {
      "departement": "14",
      "nom": "👷🏽Centre de vaccination de Caen - Parc des Expositions",
      "url": "https://vaccination-covid.keldoc.com/centre-hospitalier/caen-14000/centre-de-vaccination-de-caen-parc-des-expositions/centre-de-vaccination-de-caen-parc-des-expositions?cabinet=25876&specialty=496",
      "location": {
        "longitude": -0.38335,
        "latitude": 49.168888,
        "city": null,
        "cp": "14000"
      },
      "metadata": {
        "address": "Rue Joseph Philippon, 14000, Caen",
        "business_hours": null,
        "phone_number": "+33279461156"
      },
      "prochain_rdv": "2021-12-03T14:50:00+01:00",
      "plateforme": "Keldoc",
      "type": "vaccination-center",
      "appointment_count": 5239,
      "internal_id": "keldoc4813pid25876",
      "vaccine_type": [
        "Moderna"
      ],
      "appointment_by_phone_only": false,
      "erreur": null,
      "last_scan_with_availabilities": null,
      "request_counts": null
    },
    {
      "departement": "14",
      "nom": "👷🏽Centre de Vaccination Covid-19 - Ville de Cond\u00e9-en-Normandie (Cond\u00e9 sur Noireau)",
      "url": "https://www.doctolib.fr/vaccination-covid-19/conde-en-normandie/centre-de-vaccination-covid-19-ville-de-conde?pid=practice-178178",
      "location": {
        "longitude": -0.5511161,
        "latitude": 48.8509857,
        "city": "Cond\u00e9-en-Normandie",
        "cp": "14110"
      },
      "metadata": {
        "address": "Place du March\u00e9, 14110 Cond\u00e9-en-Normandie",
        "business_hours": {
          "lundi": "09:00-12:00, 14:00-18:00",
          "mardi": "09:00-12:00, 14:00-18:00",
          "mercredi": "09:00-12:00, 14:00-18:00",
          "jeudi": "09:00-12:00, 14:00-18:00",
          "vendredi": "09:00-12:00, 14:00-18:00",
          "samedi": null,
          "dimanche": null
        },
        "phone_number": "+33231690204"
      },
      "prochain_rdv": "2021-12-06T12:12:00+01:00",
      "plateforme": "Doctolib",
      "type": "vaccination-center",
      "appointment_count": 18,
      "internal_id": "doctolib260949pid178178",
      "vaccine_type": [
        "Pfizer-BioNTech"
      ],
      "appointment_by_phone_only": false,
      "erreur": null,
      "last_scan_with_availabilities": null,
      "request_counts": null
    },
    {
      "departement": "14",
      "nom": "👷🏽Cabinet infirmier de Colleville-Montgomery",
      "url": "https://www.doctolib.fr/vaccination-covid-19/colleville-montgomery/cabinet-infirmier-de-colleville-montgomery?pid=practice-201182",
      "location": {
        "longitude": -0.3015726,
        "latitude": 49.2738017,
        "city": "Colleville-Montgomery",
        "cp": "14880"
      },
      "metadata": {
        "address": "16 bis Rue du Stade, 14880 Colleville-Montgomery",
        "business_hours": {
          "lundi": "13:00-19:00",
          "mardi": "13:00-19:00",
          "mercredi": "13:00-19:00",
          "jeudi": "13:00-19:00",
          "vendredi": "13:00-19:00",
          "samedi": "13:00-19:00",
          "dimanche": "13:00-19:00"
        },
        "phone_number": "+33698303229"
      },
      "prochain_rdv": "2021-12-09T09:40:00+01:00",
      "plateforme": "Doctolib",
      "type": "vaccination-center",
      "appointment_count": 162,
      "internal_id": "doctolib288002pid201182",
      "vaccine_type": [
        "Pfizer-BioNTech"
      ],
      "appointment_by_phone_only": false,
      "erreur": null,
      "last_scan_with_availabilities": null,
      "request_counts": null
    },
    {
      "departement": "14",
      "nom": "👷🏽Centre de vaccination COVID-19 de Deauville",
      "url": "https://www.doctolib.fr/vaccination-covid-19/deauville/centre-de-vaccination-covid-19-de-deauville?pid=practice-179896",
      "location": {
        "longitude": 0.0756624,
        "latitude": 49.3587948,
        "city": "Deauville",
        "cp": "14800"
      },
      "metadata": {
        "address": "29 Rue Albert Fracasse, 14800 Deauville",
        "business_hours": {
          "lundi": null,
          "mardi": null,
          "mercredi": "09:00-12:30, 14:00-18:00",
          "jeudi": "09:00-12:30, 14:00-18:00",
          "vendredi": "09:00-12:30, 14:00-18:00",
          "samedi": "09:00-12:30, 14:00-18:00",
          "dimanche": null
        },
        "phone_number": "+33800009110"
      },
      "prochain_rdv": "2021-12-09T11:45:00+01:00",
      "plateforme": "Doctolib",
      "type": "vaccination-center",
      "appointment_count": 9,
      "internal_id": "doctolib262989pid179896",
      "vaccine_type": [
        "Pfizer-BioNTech"
      ],
      "appointment_by_phone_only": false,
      "erreur": null,
      "last_scan_with_availabilities": null,
      "request_counts": null
    },
    {
      "departement": "14",
      "nom": "👷🏽Urgences infirmi\u00e8res 14",
      "url": "https://www.doctolib.fr/vaccination-covid-19/bieville-beuville/urgence-infirmier-14?pid=practice-226028",
      "location": {
        "longitude": -0.3108594,
        "latitude": 49.1836667,
        "city": "Mondeville",
        "cp": "14120"
      },
      "metadata": {
        "address": "2 Avenue des \u00c9coles, 14120 Mondeville",
        "business_hours": {
          "lundi": null,
          "mardi": null,
          "mercredi": null,
          "jeudi": null,
          "vendredi": null,
          "samedi": null,
          "dimanche": null
        }
      },
      "prochain_rdv": "2021-12-13T10:20:00+01:00",
      "plateforme": "Doctolib",
      "type": "vaccination-center",
      "appointment_count": 675,
      "internal_id": "doctolib322850pid226028",
      "vaccine_type": [
        "Pfizer-BioNTech"
      ],
      "appointment_by_phone_only": false,
      "erreur": null,
      "last_scan_with_availabilities": null,
      "request_counts": null
    },
    {
      "departement": "14",
      "nom": "👷🏽CPTS Axant\u00e9 - Centre de vaccination Covid-19",
      "url": "https://www.doctolib.fr/vaccination-covid-19/isigny-sur-mer/cpts-axante?pid=practice-178802",
      "location": {
        "longitude": -0.5427092,
        "latitude": 49.2791824,
        "city": "Creully sur Seulles",
        "cp": "14480"
      },
      "metadata": {
        "address": "Rue Guy de Maupassant, 14480 Creully sur Seulles",
        "business_hours": {
          "lundi": "08:00-18:00",
          "mardi": "08:00-18:00",
          "mercredi": "08:00-18:00",
          "jeudi": "08:00-18:00",
          "vendredi": "08:00-18:00",
          "samedi": null,
          "dimanche": null
        },
        "phone_number": "+33279461156"
      },
      "prochain_rdv": "2021-12-13T16:05:00+01:00",
      "plateforme": "Doctolib",
      "type": "vaccination-center",
      "appointment_count": 6,
      "internal_id": "doctolib242565pid178802",
      "vaccine_type": [
        "Pfizer-BioNTech"
      ],
      "appointment_by_phone_only": false,
      "erreur": null,
      "last_scan_with_availabilities": null,
      "request_counts": null
    },
    {
      "departement": "14",
      "nom": "👷🏽Centre de vaccination Covid-19 - PST 14 - Pr\u00e9vention Sant\u00e9 Travail",
      "url": "https://www.doctolib.fr/vaccination-covid-19/caen/centre-de-vaccination-covid-19-pst-14-prevention-sante-travail?pid=practice-173247",
      "location": {
        "longitude": -0.3486369,
        "latitude": 49.1778574,
        "city": "Caen",
        "cp": "14000"
      },
      "metadata": {
        "address": "19 Avenue Pierre Mendes France, 14000 Caen",
        "business_hours": {
          "lundi": null,
          "mardi": null,
          "mercredi": null,
          "jeudi": null,
          "vendredi": null,
          "samedi": null,
          "dimanche": null
        }
      },
      "prochain_rdv": "2021-12-16T08:51:00+01:00",
      "plateforme": "Doctolib",
      "type": "vaccination-center",
      "appointment_count": 72,
      "internal_id": "doctolib253555pid173247",
      "vaccine_type": [
        "Pfizer-BioNTech"
      ],
      "appointment_by_phone_only": false,
      "erreur": null,
      "last_scan_with_availabilities": null,
      "request_counts": null
    },
    {
      "departement": "14",
      "nom": "👷🏽Mme Marion HOTTIN",
      "url": "https://www.doctolib.fr/vaccination-covid-19/asnelles/marion-hottin?pid=practice-222271",
      "location": {
        "longitude": -0.5857566,
        "latitude": 49.3381674,
        "city": "Asnelles",
        "cp": "14960"
      },
      "metadata": {
        "address": "11 Rue de Southampton, 14960 Asnelles",
        "business_hours": {
          "lundi": "07:00-12:00, 17:00-19:00",
          "mardi": "07:00-12:00, 17:00-19:00",
          "mercredi": "07:00-12:00, 17:00-19:00",
          "jeudi": "07:00-12:00, 17:00-19:00",
          "vendredi": "07:00-12:00, 17:00-19:00",
          "samedi": "07:00-12:00, 17:00-19:00",
          "dimanche": "07:00-12:00, 17:00-19:00"
        },
        "phone_number": "+33769706466"
      },
      "prochain_rdv": "2021-12-16T11:00:00+01:00",
      "plateforme": "Doctolib",
      "type": "vaccination-center",
      "appointment_count": 697,
      "internal_id": "doctolib320656pid222271",
      "vaccine_type": [
        "Pfizer-BioNTech"
      ],
      "appointment_by_phone_only": false,
      "erreur": null,
      "last_scan_with_availabilities": null,
      "request_counts": null
    },
    {
      "departement": "14",
      "nom": "👷🏽Dr Sylvain Mantoulet",
      "url": "https://www.doctolib.fr/vaccination-covid-19/douvres-la-delivrande/sylvain-mantoulet?pid=practice-90769",
      "location": {
        "longitude": -0.373906300000044,
        "latitude": 49.2969582,
        "city": "Douvres-la-D\u00e9livrande",
        "cp": "14440"
      },
      "metadata": {
        "address": "3 Rue Louis Leli\u00e8vre, 14440 Douvres-la-D\u00e9livrande",
        "business_hours": {
          "lundi": "09:30-12:00, 15:30-19:00",
          "mardi": "09:30-12:00, 15:30-19:00",
          "mercredi": "09:30-12:00, 15:30-19:00",
          "jeudi": "09:30-12:00",
          "vendredi": "09:30-12:00, 15:30-19:00",
          "samedi": "09:00-12:00",
          "dimanche": null
        },
        "phone_number": "+33231375757"
      },
      "prochain_rdv": "2021-12-16T13:30:00+01:00",
      "plateforme": "Doctolib",
      "type": "general-practitioner",
      "appointment_count": 2,
      "internal_id": "doctolib142766pid90769",
      "vaccine_type": [
        "Pfizer-BioNTech"
      ],
      "appointment_by_phone_only": false,
      "erreur": null,
      "last_scan_with_availabilities": null,
      "request_counts": null
    },
    {
      "departement": "14",
      "nom": "👷🏽Centre de vaccination Covid-19 - PST 14 - Pr\u00e9vention Sant\u00e9 Travail",
      "url": "https://www.doctolib.fr/vaccination-covid-19/caen/centre-de-vaccination-covid-19-pst-14-prevention-sante-travail?pid=practice-173249",
      "location": {
        "longitude": 0.2232996,
        "latitude": 49.1404524,
        "city": "Lisieux",
        "cp": "14100"
      },
      "metadata": {
        "address": "20 Rue Rose Harel, 14100 Lisieux",
        "business_hours": {
          "lundi": null,
          "mardi": null,
          "mercredi": null,
          "jeudi": null,
          "vendredi": null,
          "samedi": null,
          "dimanche": null
        }
      },
      "prochain_rdv": "2021-12-17T10:09:00+01:00",
      "plateforme": "Doctolib",
      "type": "vaccination-center",
      "appointment_count": 29,
      "internal_id": "doctolib253555pid173249",
      "vaccine_type": [
        "Pfizer-BioNTech"
      ],
      "appointment_by_phone_only": false,
      "erreur": null,
      "last_scan_with_availabilities": null,
      "request_counts": null
    },
    {
      "departement": "14",
      "nom": "👷🏽Pharmacie Rullier",
      "url": "https://www.maiia.com/pharmacie/14730-giberville/pharmacie-rullier?centerid=60252ae43e7833638315011d",
      "location": {
        "longitude": -0.287169,
        "latitude": 49.185919,
        "city": "Giberville",
        "cp": "14730"
      },
      "metadata": {
        "address": "34 Rue de la Libert\u00e9 14730 Giberville",
        "business_hours": {
          "Lundi": "09:00-12:15 14:00-19:30",
          "Mardi": "09:00-12:15 14:00-19:30",
          "Mercredi": "09:00-12:15 14:00-19:30",
          "Jeudi": "09:00-12:15 14:00-19:30",
          "Vendredi": "09:00-12:15 14:00-19:30",
          "Samedi": "09:00-12:15 14:00-19:00",
          "Dimanche": "09:00-12:15 14:00-19:30"
        },
        "phone_number": "+33231723739"
      },
      "prochain_rdv": "2021-12-17T16:40:00+00:00",
      "plateforme": "Maiia",
      "type": "drugstore",
      "appointment_count": 6,
      "internal_id": "maiia60252ae4",
      "vaccine_type": [
        "Janssen",
        "Moderna",
        "ARNm"
      ],
      "appointment_by_phone_only": false,
      "erreur": null,
      "last_scan_with_availabilities": null,
      "request_counts": null
    },
    {
      "departement": "14",
      "nom": "👷🏽Pharmacie Coeur de Bourg",
      "url": "https://pharmacie-hermanville.mesoigner.fr/rendez-vous/vaccination/490-vaccination-covid-19/pre-inscription?origin=vmd",
      "location": {
        "longitude": -0.31279,
        "latitude": 49.28698,
        "city": "Hermanville-sur-Mer",
        "cp": "14880"
      },
      "metadata": {
        "address": "41 Grande Rue, 14880 Hermanville-sur-Mer",
        "business_hours": {
          "lundi": "09:00-12:30, 14:30-19:30",
          "mardi": "09:00-12:30, 14:30-19:30",
          "mercredi": "09:00-12:30, 14:30-19:30",
          "jeudi": "09:00-12:30, 14:30-19:30",
          "vendredi": "09:00-12:30, 14:30-19:30",
          "samedi": "09:00-12:30, 14:30-17:00",
          "dimanche": "09:00-12:30, 14:30-19:30"
        },
        "phone_number": "+33231961221"
      },
      "prochain_rdv": "2021-12-17T18:00:00+01:00",
      "plateforme": "mesoigner",
      "type": "drugstore",
      "appointment_count": 35,
      "internal_id": "mesoigner3172",
      "vaccine_type": [
        "Moderna",
        "Pfizer-BioNTech"
      ],
      "appointment_by_phone_only": false,
      "erreur": null,
      "last_scan_with_availabilities": null,
      "request_counts": null
    },
    {
      "departement": "14",
      "nom": "👷🏽Pharmacie Lion Sur Mer",
      "url": "https://mapharma.net/14780?c=1006&l=0",
      "location": {
        "longitude": -0.318003,
        "latitude": 49.301801,
        "city": "LION SUR MER",
        "cp": "14780"
      },
      "metadata": {
        "address": "26 Bld Paul Doumer, 14780 LION SUR MER",
        "business_hours": {
          "lundi": "09:00 \u2013 12:15, 14:00 \u2013 19:30",
          "mardi": "09:00 \u2013 12:15, 14:00 \u2013 19:30",
          "mercredi": "09:00 \u2013 12:15, 14:00 \u2013 19:30",
          "jeudi": "09:00 \u2013 12:15, 14:00 \u2013 19:30",
          "vendredi": "09:00 \u2013 12:15, 14:00 \u2013 19:30",
          "samedi": "09:00 \u2013 12:15, 14:00 \u2013 19:30",
          "dimanche": "Ferm\u00e9"
        }
      },
      "prochain_rdv": "2021-12-20T18:30:00+01:00",
      "plateforme": "Mapharma",
      "type": "drugstore",
      "appointment_count": 614,
      "internal_id": "mapharma3f633d31303036266c3d30",
      "vaccine_type": [
        "Pfizer-BioNTech"
      ],
      "appointment_by_phone_only": false,
      "erreur": null,
      "last_scan_with_availabilities": null,
      "request_counts": null
    },
    {
      "departement": "14",
      "nom": "👷🏽Pharmacie Saint Gilles",
      "url": "https://www.maiia.com/pharmacie/14000-caen/pharmacie-saint-gilles?centerid=604a421a4125a3012e92f03f",
      "location": {
        "longitude": -0.356997,
        "latitude": 49.187953,
        "city": "Caen",
        "cp": "14000"
      },
      "metadata": {
        "address": "53 Rue de la Pigaciere 14000 Caen",
        "business_hours": {
          "Lundi": "09:00-12:30 14:00-19:30",
          "Mardi": "09:00-12:30 14:00-19:30",
          "Mercredi": "09:00-12:30 14:00-19:30",
          "Jeudi": "09:00-12:30 14:00-19:30",
          "Vendredi": "09:00-12:30 14:00-19:30",
          "Samedi": "09:00-12:30 14:00-18:00",
          "Dimanche": "09:00-12:30 14:00-19:30"
        },
        "phone_number": "+33231936978"
      },
      "prochain_rdv": "2021-12-30T16:30:00+00:00",
      "plateforme": "Maiia",
      "type": "drugstore",
      "appointment_count": 200,
      "internal_id": "maiia604a421a",
      "vaccine_type": [
        "Pfizer-BioNTech"
      ],
      "appointment_by_phone_only": false,
      "erreur": null,
      "last_scan_with_availabilities": null,
      "request_counts": null
    },
    {
      "departement": "14",
      "nom": "👷🏽Dr Romain VIGNEAU",
      "url": "https://www.doctolib.fr/vaccination-covid-19/bieville-beuville/romain-vigneau?pid=practice-139129",
      "location": {
        "longitude": -0.330361,
        "latitude": 49.238962,
        "city": "Bi\u00e9ville-Beuville",
        "cp": "14112"
      },
      "metadata": {
        "address": "1 Ter Rue du Commandant Kieffer, 14112 Bi\u00e9ville-Beuville",
        "business_hours": {
          "lundi": "08:30-11:30, 14:30-18:30",
          "mardi": "08:30-12:00",
          "mercredi": "14:30-18:30",
          "jeudi": "08:30-12:00",
          "vendredi": "08:30-11:30, 14:30-18:30",
          "samedi": "09:00-11:30",
          "dimanche": null
        },
        "phone_number": "+33231507266"
      },
      "prochain_rdv": "2021-12-30T19:45:00+01:00",
      "plateforme": "Doctolib",
      "type": "general-practitioner",
      "appointment_count": 108,
      "internal_id": "doctolib208742pid139129",
      "vaccine_type": [
        "Pfizer-BioNTech"
      ],
      "appointment_by_phone_only": false,
      "erreur": null,
      "last_scan_with_availabilities": null,
      "request_counts": null
    },
    {
      "departement": "14",
      "nom": "👷🏽Cabinet Infirmier Fleury-sur-Orne Bourg - L\u00e9a Borgia et M\u00e9lanie Pascoli",
      "url": "https://www.doctolib.fr/vaccination-covid-19/fleury-sur-orne/cabinet-infirmier-de-madame-pascoli-et-madame-borgia?pid=practice-220654",
      "location": {
        "longitude": -0.3744938,
        "latitude": 49.1487349,
        "city": "Fleury-sur-Orne",
        "cp": "14123"
      },
      "metadata": {
        "address": "50 Place Jean Jaur\u00e8s, 14123 Fleury-sur-Orne",
        "business_hours": {
          "lundi": "08:00-20:00",
          "mardi": "08:00-20:00",
          "mercredi": "08:00-20:00",
          "jeudi": "08:00-20:00",
          "vendredi": "08:00-20:00",
          "samedi": "08:00-20:00",
          "dimanche": "08:00-20:00"
        },
        "phone_number": "+33675604923"
      },
      "prochain_rdv": "2021-12-31T10:00:00+01:00",
      "plateforme": "Doctolib",
      "type": "vaccination-center",
      "appointment_count": 576,
      "internal_id": "doctolib319083pid220654",
      "vaccine_type": [
        "Pfizer-BioNTech"
      ],
      "appointment_by_phone_only": false,
      "erreur": null,
      "last_scan_with_availabilities": null,
      "request_counts": null
    },
    {
      "departement": "14",
      "nom": "👷🏽Infirmi\u00e8res Boulin Rakoff Cagny",
      "url": "https://www.doctolib.fr/vaccination-covid-19/cagny/cabinet-infirmier-cagny?pid=practice-214715",
      "location": {
        "longitude": -0.2601701,
        "latitude": 49.1453095,
        "city": "Cagny",
        "cp": "14630"
      },
      "metadata": {
        "address": "45 Rue Jacques Brel, 14630 Cagny",
        "business_hours": {
          "lundi": "06:30-19:00",
          "mardi": "06:30-19:00",
          "mercredi": "06:30-19:00",
          "jeudi": "06:30-19:00",
          "vendredi": "06:30-19:00",
          "samedi": "06:30-19:00",
          "dimanche": "07:30-19:00"
        },
        "phone_number": "+33231234432"
      },
      "prochain_rdv": "2021-12-31T16:00:00+01:00",
      "plateforme": "Doctolib",
      "type": "vaccination-center",
      "appointment_count": 354,
      "internal_id": "doctolib308727pid214715",
      "vaccine_type": [
        "Pfizer-BioNTech"
      ],
      "appointment_by_phone_only": false,
      "erreur": null,
      "last_scan_with_availabilities": null,
      "request_counts": null
    },
    {
      "departement": "14",
      "nom": "👷🏽Vaccination COVID Honfleur",
      "url": "https://vaccination-covid.keldoc.com/cabinet-medical/equemauville-14600/vaccination-covid-honfleur/vaccination-covid-honfleur?cabinet=16628&specialty=496",
      "location": {
        "longitude": 0.202791,
        "latitude": 49.382975,
        "city": null,
        "cp": "14600"
      },
      "metadata": {
        "address": "Chemin de la Plane, 14600, \u00c9quemauville",
        "business_hours": null
      },
      "prochain_rdv": "2022-01-05T11:15:00+01:00",
      "plateforme": "Keldoc",
      "type": "vaccination-center",
      "appointment_count": 3087,
      "internal_id": "keldoc2599pid16628",
      "vaccine_type": [
        "Pfizer-BioNTech"
      ],
      "appointment_by_phone_only": false,
      "erreur": null,
      "last_scan_with_availabilities": null,
      "request_counts": null
    },
    {
      "departement": "14",
      "nom": "👷🏽Mme Elodie Leite",
      "url": "https://www.doctolib.fr/vaccination-covid-19/caen/elodie-leite?pid=practice-208552",
      "location": {
        "longitude": -0.3791936,
        "latitude": 49.2011697,
        "city": "Caen",
        "cp": "14000"
      },
      "metadata": {
        "address": "2 Place de Wurzburg, 14000 Caen",
        "business_hours": {
          "lundi": "09:00-13:00, 14:00-19:00",
          "mardi": "09:00-13:00, 14:00-19:00",
          "mercredi": "09:00-13:00, 14:00-19:00",
          "jeudi": "09:00-13:00, 14:00-19:00",
          "vendredi": "09:00-13:00, 14:00-19:00",
          "samedi": "09:00-13:00, 14:00-19:00",
          "dimanche": "09:00-13:00, 14:00-19:00"
        },
        "phone_number": "+33612664949"
      },
      "prochain_rdv": "2022-01-06T09:30:00+01:00",
      "plateforme": "Doctolib",
      "type": "vaccination-center",
      "appointment_count": 603,
      "internal_id": "doctolib296724pid208552",
      "vaccine_type": [
        "Pfizer-BioNTech"
      ],
      "appointment_by_phone_only": false,
      "erreur": null,
      "last_scan_with_availabilities": null,
      "request_counts": null
    },
    {
      "departement": "14",
      "nom": "👷🏽Mme M\u00e9lanie Delaunay",
      "url": "https://www.doctolib.fr/vaccination-covid-19/caen/melanie-delaunay?pid=practice-201916",
      "location": {
        "longitude": -0.3015726,
        "latitude": 49.2738017,
        "city": "Colleville-Montgomery",
        "cp": "14880"
      },
      "metadata": {
        "address": "16 Rue du Stade, 14880 Colleville-Montgomery",
        "business_hours": {
          "lundi": null,
          "mardi": null,
          "mercredi": null,
          "jeudi": null,
          "vendredi": null,
          "samedi": null,
          "dimanche": null
        }
      },
      "prochain_rdv": "2022-01-13T09:55:00+01:00",
      "plateforme": "Doctolib",
      "type": "vaccination-center",
      "appointment_count": 124,
      "internal_id": "doctolib282987pid201916",
      "vaccine_type": [
        "Moderna",
        "Pfizer-BioNTech"
      ],
      "appointment_by_phone_only": false,
      "erreur": null,
      "last_scan_with_availabilities": null,
      "request_counts": null
    },
    {
      "departement": "14",
      "nom": "👷🏽Dr S\u00e9bastien SEPTVANT",
      "url": "https://www.doctolib.fr/vaccination-covid-19/louvigny/sebastien-septvant?pid=practice-13570",
      "location": {
        "longitude": -0.3934803,
        "latitude": 49.1579037,
        "city": "Louvigny",
        "cp": "14111"
      },
      "metadata": {
        "address": "Avenue des Canadiens, 14111 Louvigny",
        "business_hours": {
          "lundi": "08:00-20:00",
          "mardi": "08:00-20:00",
          "mercredi": "08:00-20:00",
          "jeudi": "08:00-20:00",
          "vendredi": "08:00-20:00",
          "samedi": "08:00-12:00",
          "dimanche": null
        },
        "phone_number": "+33231750550"
      },
      "prochain_rdv": "2022-01-14T09:30:00+01:00",
      "plateforme": "Doctolib",
      "type": "general-practitioner",
      "appointment_count": 2,
      "internal_id": "doctolib23879pid13570",
      "vaccine_type": [
        "Pfizer-BioNTech"
      ],
      "appointment_by_phone_only": false,
      "erreur": null,
      "last_scan_with_availabilities": null,
      "request_counts": null
    },
    {
      "departement": "14",
      "nom": "👷🏽Dr Agathe Ferion",
      "url": "https://www.doctolib.fr/vaccination-covid-19/sannerville/agathe-ferion?pid=practice-197878",
      "location": {
        "longitude": -0.2240472,
        "latitude": 49.1788461,
        "city": "Sannerville",
        "cp": "14940"
      },
      "metadata": {
        "address": "5 Rue des Cl\u00e9matites, 14940 Sannerville",
        "business_hours": {
          "lundi": "08:00-19:00",
          "mardi": "08:00-19:00",
          "mercredi": "08:00-19:00",
          "jeudi": "08:00-19:00",
          "vendredi": "08:00-19:00",
          "samedi": "08:00-12:00",
          "dimanche": null
        },
        "phone_number": "+33231306913"
      },
      "prochain_rdv": "2022-01-18T15:45:00+01:00",
      "plateforme": "Doctolib",
      "type": "general-practitioner",
      "appointment_count": 42,
      "internal_id": "doctolib283828pid197878",
      "vaccine_type": [
        "Pfizer-BioNTech"
      ],
      "appointment_by_phone_only": false,
      "erreur": null,
      "last_scan_with_availabilities": null,
      "request_counts": null
    },
    {
      "departement": "14",
      "nom": "👷🏽Pharmacie du Port Ouistreham",
      "url": "https://www.doctolib.fr/vaccination-covid-19/ouistreham/pharmacie-du-port-ouistreham?pid=practice-211458",
      "location": {
        "longitude": -0.2512853,
        "latitude": 49.2792367,
        "city": "Ouistreham",
        "cp": "14150"
      },
      "metadata": {
        "address": "1 Pl. du G\u00e9n\u00e9ral de Gaulle, 14150 Ouistreham",
        "business_hours": {
          "lundi": "09:30-12:30, 14:30-19:30",
          "mardi": "09:30-12:30, 14:30-19:30",
          "mercredi": "09:30-12:30, 14:30-19:30",
          "jeudi": "09:30-12:30, 14:30-19:30",
          "vendredi": "09:30-12:30, 14:30-19:30",
          "samedi": "09:30-12:30, 14:30-17:00",
          "dimanche": null
        },
        "phone_number": "+33231962541"
      },
      "prochain_rdv": "2022-01-18T16:40:00+01:00",
      "plateforme": "Doctolib",
      "type": "drugstore",
      "appointment_count": 257,
      "internal_id": "doctolib304542pid211458",
      "vaccine_type": [
        "Pfizer-BioNTech",
        "Moderna"
      ],
      "appointment_by_phone_only": false,
      "erreur": null,
      "last_scan_with_availabilities": null,
      "request_counts": null
    },
    {
      "departement": "14",
      "nom": "👷🏽Centre de Vaccination COVID-19 - Clinique Vire",
      "url": "https://www.doctolib.fr/vaccination-covid-19/normandie/centre-de-vaccination-clinique-vire?pid=practice-163813",
      "location": {
        "longitude": -0.896176,
        "latitude": 48.8408359,
        "city": "Vire",
        "cp": "14500"
      },
      "metadata": {
        "address": "23 Rue des Acres, 14500 Vire",
        "business_hours": {
          "lundi": "09:00-13:00, 14:00-18:00",
          "mardi": "09:00-13:00, 14:00-18:00",
          "mercredi": "09:00-13:00, 14:00-18:00",
          "jeudi": "09:00-13:00, 14:00-18:00",
          "vendredi": "09:00-13:00, 14:00-18:00",
          "samedi": null,
          "dimanche": null
        },
        "phone_number": "+33231663880"
      },
      "prochain_rdv": "2022-01-26T16:40:00+01:00",
      "plateforme": "Doctolib",
      "type": "vaccination-center",
      "appointment_count": 252,
      "internal_id": "doctolib241850pid163813",
      "vaccine_type": [
        "Pfizer-BioNTech"
      ],
      "appointment_by_phone_only": false,
      "erreur": null,
      "last_scan_with_availabilities": null,
      "request_counts": null
    },
    {
      "departement": "14",
      "nom": "👷🏽Dr Richard Osmond",
      "url": "https://www.doctolib.fr/vaccination-covid-19/benouville/richard-osmond?pid=practice-108198",
      "location": {
        "longitude": -0.287939899999969,
        "latitude": 49.2364882,
        "city": "B\u00e9nouville",
        "cp": "14970"
      },
      "metadata": {
        "address": "Rue du Commerce, 14970 B\u00e9nouville",
        "business_hours": {
          "lundi": "08:00-20:00",
          "mardi": "08:00-20:00",
          "mercredi": "08:00-20:00",
          "jeudi": "08:00-20:00",
          "vendredi": "08:00-20:00",
          "samedi": "09:00-12:00",
          "dimanche": null
        },
        "phone_number": "+33231435659"
      },
      "prochain_rdv": "2022-01-28T09:48:00+01:00",
      "plateforme": "Doctolib",
      "type": "general-practitioner",
      "appointment_count": 11,
      "internal_id": "doctolib165399pid108198",
      "vaccine_type": [
        "Pfizer-BioNTech"
      ],
      "appointment_by_phone_only": false,
      "erreur": null,
      "last_scan_with_availabilities": null,
      "request_counts": null
    },
    {
      "departement": "14",
      "nom": "👷🏽Cabinet infirmier Caen - Chemin-Vert",
      "url": "https://www.doctolib.fr/vaccination-covid-19/caen/cabinet-infirmier-caen-chemin-vert?pid=practice-216902",
      "location": {
        "longitude": -0.3899374,
        "latitude": 49.1856164,
        "city": "Caen",
        "cp": "14000"
      },
      "metadata": {
        "address": "55 Bis Rue d'Authie, 14000 Caen",
        "business_hours": {
          "lundi": "08:00-20:00",
          "mardi": "08:00-20:00",
          "mercredi": "08:00-20:00",
          "jeudi": "08:00-20:00",
          "vendredi": "08:00-20:00",
          "samedi": "08:00-20:00",
          "dimanche": "08:00-20:00"
        },
        "phone_number": "+33695470464"
      },
      "prochain_rdv": "2022-02-03T14:40:00+01:00",
      "plateforme": "Doctolib",
      "type": "vaccination-center",
      "appointment_count": 12,
      "internal_id": "doctolib311418pid216902",
      "vaccine_type": [
        "Pfizer-BioNTech"
      ],
      "appointment_by_phone_only": false,
      "erreur": null,
      "last_scan_with_availabilities": null,
      "request_counts": null
    },
    {
      "departement": "14",
      "nom": "👷🏽Dr Olivier MOULIN",
      "url": "https://www.doctolib.fr/vaccination-covid-19/le-molay-littry/olivier-moulin-le-molay-littry?pid=practice-76076",
      "location": {
        "longitude": -0.873091,
        "latitude": 49.243775,
        "city": "Le Molay-Littry",
        "cp": "14330"
      },
      "metadata": {
        "address": "1 rue Dahlenburg, 14330 Le Molay-Littry",
        "business_hours": {
          "lundi": "08:00-19:30",
          "mardi": "08:00-19:30",
          "mercredi": "08:00-19:30",
          "jeudi": "08:00-19:30",
          "vendredi": "08:00-19:30",
          "samedi": "08:00-12:30",
          "dimanche": null
        },
        "phone_number": "+33231100528"
      },
      "prochain_rdv": "2022-02-03T14:56:00+01:00",
      "plateforme": "Doctolib",
      "type": "general-practitioner",
      "appointment_count": 39,
      "internal_id": "doctolib119473pid76076",
      "vaccine_type": [
        "Pfizer-BioNTech"
      ],
      "appointment_by_phone_only": false,
      "erreur": null,
      "last_scan_with_availabilities": null,
      "request_counts": null
    }
  ],
  "centres_indisponibles": [
    {
      "departement": "14",
      "nom": "👷🏽Pharmacie de Dozul\u00e9",
      "url": "https://pharmacie-beaujouan-dozule.epharmacie.pro",
      "location": {
        "longitude": -0.0465,
        "latitude": 49.23079,
        "city": "Dozul\u00e9",
        "cp": "14430"
      },
      "metadata": {
        "address": "111, Grande Rue, 14430 Dozul\u00e9",
        "business_hours": null
      },
      "prochain_rdv": null,
      "plateforme": "Valwin",
      "type": "drugstore",
      "appointment_count": 0,
      "internal_id": "Valwinnp21-beaujouan-dozule",
      "vaccine_type": [],
      "appointment_by_phone_only": false,
      "erreur": null,
      "last_scan_with_availabilities": null,
      "request_counts": null
    },
    {
      "departement": "14",
      "nom": "👷🏽Pharmacie De La Plage Olivier",
      "url": "https://app.ordoclic.fr/app/pharmacie/pharmacie-de-la-plage-olivier-ouistreham",
      "location": {
        "longitude": -0.2592031,
        "latitude": 49.2863286,
        "city": "ouistreham",
        "cp": "14150"
      },
      "metadata": {
        "address": "61 avenue de la mer, 14150 OUISTREHAM",
        "phone_number": "+33231971828",
        "business_hours": null
      },
      "prochain_rdv": null,
      "plateforme": "Ordoclic",
      "type": "drugstore",
      "appointment_count": 0,
      "internal_id": "ordoclic2b1d3a03",
      "vaccine_type": [],
      "appointment_by_phone_only": false,
      "erreur": null,
      "last_scan_with_availabilities": null,
      "request_counts": null
    },
    {
      "departement": "14",
      "nom": "👷🏽Pharmacie De Lebisey",
      "url": "https://pharma-lebisey.pharmavie.fr/rendez-vous/vaccination/19-vaccination-covid-19/pre-inscription?origin=vmd",
      "location": {
        "longitude": -0.3423547,
        "latitude": 49.2126552,
        "city": "HEROUVILLE ST CLAIR",
        "cp": "14200"
      },
      "metadata": {
        "address": "1 avenue de Garbsen, 14200 HEROUVILLE ST CLAIR",
        "business_hours": {
          "lundi": "09:00-20:00",
          "mardi": "09:00-20:00",
          "mercredi": "09:00-20:00",
          "jeudi": "09:00-20:00",
          "vendredi": "09:00-20:00",
          "samedi": "09:00-20:00",
          "dimanche": null
        },
        "phone_number": "+33231530800"
      },
      "prochain_rdv": null,
      "plateforme": "mesoigner",
      "type": "drugstore",
      "appointment_count": 0,
      "internal_id": "mesoigner168",
      "vaccine_type": [],
      "appointment_by_phone_only": false,
      "erreur": null,
      "last_scan_with_availabilities": null,
      "request_counts": null
    },
    {
      "departement": "14",
      "nom": "👷🏽Pharmacie Calvaire Saint Pierre",
      "url": "https://www.maiia.com/pharmacie/14000-caen/pharmacie-calvaire-saint-pierre?centerid=6058b3abd254f158baffc107",
      "location": {
        "longitude": -0.364154,
        "latitude": 49.197721,
        "city": "Caen",
        "cp": "14000"
      },
      "metadata": {
        "address": "17 Avenue Professeur Horatio Smith 14000 Caen",
        "business_hours": {
          "Lundi": "09:00-12:30 14:00-19:30",
          "Mardi": "09:00-12:30 14:00-19:30",
          "Mercredi": "09:00-12:30 14:00-19:30",
          "Jeudi": "09:00-12:30 14:00-19:30",
          "Vendredi": "09:00-12:30 14:00-19:30",
          "Samedi": "09:00-12:30",
          "Dimanche": "09:30-12:30 14:00-19:30"
        },
        "phone_number": "+33231931019"
      },
      "prochain_rdv": null,
      "plateforme": "Maiia",
      "type": "drugstore",
      "appointment_count": 0,
      "internal_id": "maiia6058b3ab",
      "vaccine_type": [],
      "appointment_by_phone_only": false,
      "erreur": null,
      "last_scan_with_availabilities": null,
      "request_counts": null
    },
    {
      "departement": "14",
      "nom": "👷🏽Pharmacie de la Mer",
      "url": "https://www.maiia.com/pharmacie/14530-luc-sur-mer/pharmacie-de-la-mer?centerid=6058b41cd254f158baffc121",
      "location": {
        "longitude": -0.357268,
        "latitude": 49.316601,
        "city": "Luc-sur-Mer",
        "cp": "14530"
      },
      "metadata": {
        "address": "Place de l'Etoile 14530 Luc-sur-Mer",
        "business_hours": {
          "Lundi": "09:00-12:15 14:30-19:15",
          "Mardi": "09:00-12:15 14:30-19:15",
          "Mercredi": "09:00-12:15 14:30-19:15",
          "Jeudi": "09:00-12:15 14:30-19:15",
          "Vendredi": "09:00-12:15 14:30-19:15",
          "Samedi": "09:00-12:15 14:30-19:15",
          "Dimanche": "09:00-12:15 14:30-19:15"
        },
        "phone_number": "+33231973210"
      },
      "prochain_rdv": null,
      "plateforme": "Maiia",
      "type": "drugstore",
      "appointment_count": 0,
      "internal_id": "maiia6058b41c",
      "vaccine_type": [],
      "appointment_by_phone_only": false,
      "erreur": null,
      "last_scan_with_availabilities": null,
      "request_counts": null
    },
    {
      "departement": "14",
      "nom": "👷🏽Pharmacie Lair Porte Horloge",
      "url": "https://pharmacie-lair-porte-horloge.pharmabest.com",
      "location": {
        "longitude": -0.88975,
        "latitude": 48.838194,
        "city": "Vire",
        "cp": "14500"
      },
      "metadata": {
        "address": "19, place du 6 Juin 44, 14500 Vire",
        "business_hours": null
      },
      "prochain_rdv": null,
      "plateforme": "Valwin",
      "type": "drugstore",
      "appointment_count": 0,
      "internal_id": "Valwinpharmabest92-lair-vire",
      "vaccine_type": [],
      "appointment_by_phone_only": false,
      "erreur": null,
      "last_scan_with_availabilities": null,
      "request_counts": null
    },
    {
      "departement": "14",
      "nom": "👷🏽Pharmacie Hunault",
      "url": "https://pharmaciehunault.epharmacie.pro",
      "location": {
        "longitude": -0.374601,
        "latitude": 49.114768,
        "city": "Saint-Martin-de-Fontenay",
        "cp": "14320"
      },
      "metadata": {
        "address": "6, route d'Harcourt, 14320 Saint-Martin-de-Fontenay",
        "business_hours": null
      },
      "prochain_rdv": null,
      "plateforme": "Valwin",
      "type": "drugstore",
      "appointment_count": 0,
      "internal_id": "Valwinnp31-hunault-martin-fontenay",
      "vaccine_type": [],
      "appointment_by_phone_only": false,
      "erreur": null,
      "last_scan_with_availabilities": null,
      "request_counts": null
    },
    {
      "departement": "14",
      "nom": "👷🏽Pharmacie De L'Avenir",
      "url": "https://app.ordoclic.fr/app/pharmacie/pharmacie-de-l'avenir-orbec",
      "location": {
        "longitude": 0.4058560000000001,
        "latitude": 49.022737,
        "city": "orbec",
        "cp": "14290"
      },
      "metadata": {
        "address": "127 rue Grande, 14290 Orbec",
        "phone_number": "+33231328949",
        "business_hours": null
      },
      "prochain_rdv": null,
      "plateforme": "Ordoclic",
      "type": "drugstore",
      "appointment_count": 0,
      "internal_id": "ordoclic6f564914",
      "vaccine_type": [],
      "appointment_by_phone_only": false,
      "erreur": null,
      "last_scan_with_availabilities": null,
      "request_counts": null
    },
    {
      "departement": "14",
      "nom": "👷🏽Pharmacie De La Mairie De Colombelles 2",
      "url": "https://app.ordoclic.fr/app/pharmacie/pharmacie-de-la-mairie-de-colombelles-2-colombelles",
      "location": {
        "longitude": -0.2965682,
        "latitude": 49.2038525,
        "city": "colombelles",
        "cp": "14460"
      },
      "metadata": {
        "address": "3 Avenue de la Libert\u00e9, 14460 Colombelles",
        "phone_number": "+33231724013",
        "business_hours": null
      },
      "prochain_rdv": null,
      "plateforme": "Ordoclic",
      "type": "drugstore",
      "appointment_count": 0,
      "internal_id": "ordoclic6dd83e26",
      "vaccine_type": [],
      "appointment_by_phone_only": false,
      "erreur": null,
      "last_scan_with_availabilities": null,
      "request_counts": null
    },
    {
      "departement": "14",
      "nom": "👷🏽Pharmacie De La Mairie De Colombelles",
      "url": "https://app.ordoclic.fr/app/pharmacie/pharmacie-de-la-mairie-de-colombelles-colombelles",
      "location": {
        "longitude": -0.2965682,
        "latitude": 49.2038525,
        "city": "colombelles",
        "cp": "14460"
      },
      "metadata": {
        "address": "3 AVENUE DE LA LIBERTE, 14460 Colombelles",
        "phone_number": "+33231724013",
        "business_hours": null
      },
      "prochain_rdv": null,
      "plateforme": "Ordoclic",
      "type": "drugstore",
      "appointment_count": 0,
      "internal_id": "ordoclic149cccb1",
      "vaccine_type": [],
      "appointment_by_phone_only": false,
      "erreur": null,
      "last_scan_with_availabilities": null,
      "request_counts": null
    },
    {
      "departement": "14",
      "nom": "👷🏽Pharmacie de la Mairie",
      "url": "https://pharmaciedelamairie.epharmacie.pro",
      "location": {
        "longitude": -0.29671,
        "latitude": 49.20384,
        "city": "Colombelles",
        "cp": "14460"
      },
      "metadata": {
        "address": "3, avenue de la Libert\u00e9, 14460 Colombelles",
        "business_hours": null
      },
      "prochain_rdv": null,
      "plateforme": "Valwin",
      "type": "drugstore",
      "appointment_count": 0,
      "internal_id": "Valwinnp39-mairie-colombelles",
      "vaccine_type": [],
      "appointment_by_phone_only": false,
      "erreur": null,
      "last_scan_with_availabilities": null,
      "request_counts": null
    },
    {
      "departement": "14",
      "nom": "👷🏽Pharmacie Saint-Clair ",
      "url": "https://pharmaciesaintclair.fr",
      "location": {
        "longitude": -0.327038,
        "latitude": 49.206851,
        "city": "H\u00e9rouville-Saint-Clair",
        "cp": "14200"
      },
      "metadata": {
        "address": "Centre commercial Carrefour H\u00e9rouville - Boulevard du Val , 14200 H\u00e9rouville-Saint-Clair ",
        "business_hours": null
      },
      "prochain_rdv": null,
      "plateforme": "Valwin",
      "type": "drugstore",
      "appointment_count": 0,
      "internal_id": "Valwincos06-saint-clair-herouville",
      "vaccine_type": [],
      "appointment_by_phone_only": false,
      "erreur": null,
      "last_scan_with_availabilities": null,
      "request_counts": null
    },
    {
      "departement": "14",
      "nom": "👷🏽Pharmacie du Dino, Villers-sur-Mer",
      "url": "https://pharma-dino.fr",
      "location": {
        "longitude": -0.00504,
        "latitude": 49.32193,
        "city": "Villers-sur-Mer",
        "cp": "14640"
      },
      "metadata": {
        "address": "5, avenue des Belges, 14640 Villers-sur-Mer",
        "business_hours": null
      },
      "prochain_rdv": null,
      "plateforme": "Valwin",
      "type": "drugstore",
      "appointment_count": 0,
      "internal_id": "Valwinnp37-dino-villers-mer",
      "vaccine_type": [],
      "appointment_by_phone_only": false,
      "erreur": null,
      "last_scan_with_availabilities": null,
      "request_counts": null
    },
    {
      "departement": "14",
      "nom": "👷🏽Grande Pharmacie Du Progr\u00e8s",
      "url": "https://grande-pharmacie-du-progres-caen.pharmabest.com",
      "location": {
        "longitude": -0.360502,
        "latitude": 49.183332,
        "city": "Caen",
        "cp": "14000"
      },
      "metadata": {
        "address": "2, boulevard des Alli\u00e9s, 14000 Caen",
        "business_hours": null
      },
      "prochain_rdv": null,
      "plateforme": "Valwin",
      "type": "drugstore",
      "appointment_count": 0,
      "internal_id": "Valwinpharmabest35-progres-caen",
      "vaccine_type": [],
      "appointment_by_phone_only": false,
      "erreur": null,
      "last_scan_with_availabilities": null,
      "request_counts": null
    },
    {
      "departement": "14",
      "nom": "👷🏽Pharmacie de la presqu'\u00eele",
      "url": "https://pharmacie-dlp-caen.pharmacorp.fr/rendez-vous/vaccination/1003-vaccination-covid-19/pre-inscription?origin=vmd",
      "location": {
        "longitude": -0.35258,
        "latitude": 49.18317,
        "city": "Caen",
        "cp": "14000"
      },
      "metadata": {
        "address": "1 Avenue de Tourville La Plaisance, 14000 Caen",
        "business_hours": {
          "lundi": "09:00-20:00",
          "mardi": "09:00-20:00",
          "mercredi": "09:00-20:00",
          "jeudi": "09:00-20:05",
          "vendredi": "09:00-20:00",
          "samedi": "09:00-20:00",
          "dimanche": "09:00-20:00"
        },
        "phone_number": "+33231955730"
      },
      "prochain_rdv": null,
      "plateforme": "mesoigner",
      "type": "drugstore",
      "appointment_count": 0,
      "internal_id": "mesoigner3505",
      "vaccine_type": [],
      "appointment_by_phone_only": false,
      "erreur": null,
      "last_scan_with_availabilities": null,
      "request_counts": null
    },
    {
      "departement": "14",
      "nom": "👷🏽Dr Fran\u00e7ois SANOUILLER",
      "url": "https://www.doctolib.fr/vaccination-covid-19/bayeux/francois-sanouiller?pid=practice-26910",
      "location": {
        "longitude": -0.709992100000022,
        "latitude": 49.2882039,
        "city": "Bayeux",
        "cp": "14400"
      },
      "metadata": {
        "address": "42 Rue de Beauvais, 14400 Bayeux",
        "business_hours": {
          "lundi": "08:00-12:15, 13:45-16:15",
          "mardi": "08:00-12:15, 13:45-16:15",
          "mercredi": "08:00-12:15, 13:45-16:15",
          "jeudi": "08:00-12:15, 13:45-16:15",
          "vendredi": "08:00-12:15, 13:45-16:15",
          "samedi": null,
          "dimanche": null
        },
        "phone_number": "+33231927434"
      },
      "prochain_rdv": null,
      "plateforme": "Doctolib",
      "type": "general-practitioner",
      "appointment_count": 0,
      "internal_id": "doctolib49629pid26910",
      "vaccine_type": [],
      "appointment_by_phone_only": false,
      "erreur": null,
      "last_scan_with_availabilities": null,
      "request_counts": null
    },
    {
      "departement": "14",
      "nom": "👷🏽Dr Olivier Crini\u00e8re",
      "url": "https://www.doctolib.fr/vaccination-covid-19/blainville-sur-orne/olivier-criniere?pid=practice-173957",
      "location": {
        "longitude": -0.3020973,
        "latitude": 49.2262276,
        "city": "Blainville-sur-Orne",
        "cp": "14550"
      },
      "metadata": {
        "address": "3 Rue Pablo Picasso, 14550 Blainville-sur-Orne",
        "business_hours": {
          "lundi": null,
          "mardi": null,
          "mercredi": null,
          "jeudi": null,
          "vendredi": null,
          "samedi": null,
          "dimanche": null
        },
        "phone_number": "+33231447349"
      },
      "prochain_rdv": null,
      "plateforme": "Doctolib",
      "type": "general-practitioner",
      "appointment_count": 0,
      "internal_id": "doctolib266574pid173957",
      "vaccine_type": [],
      "appointment_by_phone_only": false,
      "erreur": null,
      "last_scan_with_availabilities": null,
      "request_counts": null
    },
    {
      "departement": "14",
      "nom": "👷🏽Centre de vaccination COVID-19 - Op\u00e9rations \u00e9ph\u00e9m\u00e8res Calvados",
      "url": "https://www.doctolib.fr/vaccination-covid-19/mondeville/centre-de-vaccination-covid-19-operations-ephemeres-calvados?pid=practice-224321",
      "location": {
        "longitude": -0.3810545,
        "latitude": 49.0839358,
        "city": "Laize-Clinchamps",
        "cp": "14320"
      },
      "metadata": {
        "address": "6 Rue du R\u00e9giment Mont Royal, 14320 Laize-Clinchamps",
        "business_hours": {
          "lundi": "09:00-13:00, 14:00-19:00",
          "mardi": null,
          "mercredi": null,
          "jeudi": null,
          "vendredi": null,
          "samedi": null,
          "dimanche": null
        },
        "phone_number": "+33800009110"
      },
      "prochain_rdv": null,
      "plateforme": "Doctolib",
      "type": "vaccination-center",
      "appointment_count": 0,
      "internal_id": "doctolib288183pid224321",
      "vaccine_type": [],
      "appointment_by_phone_only": false,
      "erreur": null,
      "last_scan_with_availabilities": null,
      "request_counts": null
    },
    {
      "departement": "14",
      "nom": "👷🏽Cabinet infirmier de Beaulieu - Madame Deysine et Madame Charles",
      "url": "https://www.doctolib.fr/vaccination-covid-19/caen/cabinet-infirmier-de-beaulieu-madame-deysine-et-madame-charles?pid=practice-209056",
      "location": {
        "longitude": -0.3962792,
        "latitude": 49.1810932,
        "city": "Caen",
        "cp": "14000"
      },
      "metadata": {
        "address": "22 Rue Claude Chappe, 14000 Caen",
        "business_hours": {
          "lundi": "08:00-20:00",
          "mardi": "08:00-20:00",
          "mercredi": "08:00-20:00",
          "jeudi": "08:00-20:00",
          "vendredi": "08:00-20:00",
          "samedi": "08:00-20:00",
          "dimanche": "08:00-20:00"
        },
        "phone_number": "+33231080801"
      },
      "prochain_rdv": null,
      "plateforme": "Doctolib",
      "type": "vaccination-center",
      "appointment_count": 0,
      "internal_id": "doctolib323041pid209056",
      "vaccine_type": [],
      "appointment_by_phone_only": false,
      "erreur": null,
      "last_scan_with_availabilities": null,
      "request_counts": null
    },
    {
      "departement": "14",
      "nom": "👷🏽Pharmacie Le Chevalier",
      "url": "https://www.doctolib.fr/vaccination-covid-19/mezidon-vallee-d-auge/pharmacie-le-chevalier?pid=practice-225808",
      "location": {
        "longitude": -0.0736834,
        "latitude": 49.0728807,
        "city": "M\u00e9zidon Vall\u00e9e d'Auge",
        "cp": "14270"
      },
      "metadata": {
        "address": "2 Rue Victor Hugo, 14270 M\u00e9zidon Vall\u00e9e d'Auge",
        "business_hours": {
          "lundi": "09:00-12:00, 14:00-19:00",
          "mardi": "09:00-12:00, 14:00-19:00",
          "mercredi": "09:00-12:00, 14:00-19:00",
          "jeudi": "09:00-12:00, 14:00-19:00",
          "vendredi": "09:00-12:00, 14:00-19:00",
          "samedi": "09:00-12:30, 14:30-18:00",
          "dimanche": null
        },
        "phone_number": "+33231200767"
      },
      "prochain_rdv": null,
      "plateforme": "Doctolib",
      "type": "drugstore",
      "appointment_count": 0,
      "internal_id": "doctolib324226pid225808",
      "vaccine_type": [],
      "appointment_by_phone_only": false,
      "erreur": null,
      "last_scan_with_availabilities": null,
      "request_counts": null
    },
    {
      "departement": "14",
      "nom": "👷🏽Pharmacie Victor Hugo",
      "url": "https://www.doctolib.fr/vaccination-covid-19/lisieux/pharmacie-victor-hugo-emmanuelle-falet-groupement-independant?pid=practice-187074",
      "location": {
        "longitude": 0.2271384,
        "latitude": 49.1456692,
        "city": "Lisieux",
        "cp": "14100"
      },
      "metadata": {
        "address": "8 Avenue Victor Hugo, 14100 Lisieux",
        "business_hours": {
          "lundi": "08:30-19:30",
          "mardi": "08:30-19:30",
          "mercredi": "08:30-19:30",
          "jeudi": "08:30-19:30",
          "vendredi": "08:30-19:30",
          "samedi": "08:30-19:00",
          "dimanche": null
        },
        "phone_number": "+33231620147"
      },
      "prochain_rdv": null,
      "plateforme": "Doctolib",
      "type": "drugstore",
      "appointment_count": 0,
      "internal_id": "doctolib272358pid187074",
      "vaccine_type": [],
      "appointment_by_phone_only": false,
      "erreur": null,
      "last_scan_with_availabilities": null,
      "request_counts": null
    },
    {
      "departement": "14",
      "nom": "👷🏽Pharmacie de La Grande Delle",
      "url": "https://www.doctolib.fr/vaccination-covid-19/herouville-saint-clair/pharmacie-de-la-grande-delle?pid=practice-192593",
      "location": {
        "longitude": -0.33738,
        "latitude": 49.2056124,
        "city": "H\u00e9rouville-Saint-Clair",
        "cp": "14200"
      },
      "metadata": {
        "address": "1405 Boulevard de la Grande Delle, 14200 H\u00e9rouville-Saint-Clair",
        "business_hours": {
          "lundi": "09:00-12:30, 14:30-19:30",
          "mardi": "09:00-12:30, 14:30-19:30",
          "mercredi": "09:00-12:30, 14:30-19:30",
          "jeudi": "09:00-12:30, 14:30-19:30",
          "vendredi": "09:00-12:30, 14:30-19:30",
          "samedi": "09:00-12:30, 14:30-19:30",
          "dimanche": null
        },
        "phone_number": "+33231476144"
      },
      "prochain_rdv": null,
      "plateforme": "Doctolib",
      "type": "drugstore",
      "appointment_count": 0,
      "internal_id": "doctolib276341pid192593",
      "vaccine_type": [],
      "appointment_by_phone_only": false,
      "erreur": null,
      "last_scan_with_availabilities": null,
      "request_counts": null
    },
    {
      "departement": "14",
      "nom": "👷🏽CH Aunay-Bayeux - Vaccination COVID-19",
      "url": "https://www.doctolib.fr/vaccination-covid-19/bayeux/centre-vaccination-chab-bayeux?pid=practice-225213",
      "location": {
        "longitude": -0.6182898,
        "latitude": 49.0318322,
        "city": "Les Monts d'Aunay",
        "cp": "14260"
      },
      "metadata": {
        "address": "23 Rue d'Aunay, 14260 Les Monts d'Aunay",
        "business_hours": {
          "lundi": null,
          "mardi": null,
          "mercredi": "09:00-16:30",
          "jeudi": null,
          "vendredi": null,
          "samedi": null,
          "dimanche": null
        },
        "phone_number": "+33800009110"
      },
      "prochain_rdv": null,
      "plateforme": "Doctolib",
      "type": "vaccination-center",
      "appointment_count": 0,
      "internal_id": "doctolib242268pid225213",
      "vaccine_type": [],
      "appointment_by_phone_only": false,
      "erreur": null,
      "last_scan_with_availabilities": null,
      "request_counts": null
    },
    {
      "departement": "14",
      "nom": "👷🏽Grande Pharmacie des Drakkars",
      "url": "https://www.doctolib.fr/vaccination-covid-19/cormelles-le-royal/pharmacie-des-drakkars-jennifer-leforestier?pid=practice-170515",
      "location": {
        "longitude": -0.3400306,
        "latitude": 49.1493025,
        "city": "Cormelles-le-Royal",
        "cp": "14123"
      },
      "metadata": {
        "address": "3 Rue de Navarre, 14123 Cormelles-le-Royal",
        "business_hours": {
          "lundi": "09:00-19:30",
          "mardi": "09:00-19:30",
          "mercredi": "09:00-19:30",
          "jeudi": "09:00-19:30",
          "vendredi": "09:00-19:30",
          "samedi": "10:00-19:00",
          "dimanche": null
        },
        "phone_number": "+33231529898"
      },
      "prochain_rdv": null,
      "plateforme": "Doctolib",
      "type": "drugstore",
      "appointment_count": 0,
      "internal_id": "doctolib250688pid170515",
      "vaccine_type": [],
      "appointment_by_phone_only": false,
      "erreur": null,
      "last_scan_with_availabilities": null,
      "request_counts": null
    },
    {
      "departement": "14",
      "nom": "👷🏽Pharmacie Lizer Dominique",
      "url": "https://www.doctolib.fr/vaccination-covid-19/saint-vigor-le-grand/pharmacie-lizer-dominique?pid=practice-225210",
      "location": {
        "longitude": -0.6874579,
        "latitude": 49.2729751,
        "city": "Saint-Vigor-le-Grand",
        "cp": "14400"
      },
      "metadata": {
        "address": "27 Route de Caen, 14400 Saint-Vigor-le-Grand",
        "business_hours": {
          "lundi": "09:00-12:45, 14:00-19:45",
          "mardi": "09:00-12:45, 14:00-19:45",
          "mercredi": "09:00-12:45, 14:00-19:45",
          "jeudi": "09:00-12:45, 14:00-19:45",
          "vendredi": "09:00-12:45, 14:00-19:45",
          "samedi": "09:00-12:30, 14:00-18:00",
          "dimanche": null
        },
        "phone_number": "+33231929268"
      },
      "prochain_rdv": null,
      "plateforme": "Doctolib",
      "type": "drugstore",
      "appointment_count": 0,
      "internal_id": "doctolib323813pid225210",
      "vaccine_type": [],
      "appointment_by_phone_only": false,
      "erreur": null,
      "last_scan_with_availabilities": null,
      "request_counts": null
    },
    {
      "departement": "14",
      "nom": "👷🏽CH Aunay-Bayeux - Vaccination COVID-19",
      "url": "https://www.doctolib.fr/vaccination-covid-19/bayeux/centre-vaccination-chab-bayeux?pid=practice-217148",
      "location": {
        "longitude": -0.700535,
        "latitude": 49.27481,
        "city": "Bayeux",
        "cp": "14400"
      },
      "metadata": {
        "address": "All\u00e9e des Augustines, 14400 Bayeux",
        "business_hours": {
          "lundi": "09:00-16:30",
          "mardi": null,
          "mercredi": "09:00-16:30",
          "jeudi": null,
          "vendredi": "09:00-16:30",
          "samedi": null,
          "dimanche": null
        },
        "phone_number": "+33800009110"
      },
      "prochain_rdv": null,
      "plateforme": "Doctolib",
      "type": "vaccination-center",
      "appointment_count": 0,
      "internal_id": "doctolib242268pid217148",
      "vaccine_type": [],
      "appointment_by_phone_only": false,
      "erreur": null,
      "last_scan_with_availabilities": null,
      "request_counts": null
    },
    {
      "departement": "14",
      "nom": "👷🏽Dr Thierry LANIESSE",
      "url": "https://www.doctolib.fr/vaccination-covid-19/bretteville-sur-odon/thierry-laniesse?pid=practice-120824",
      "location": {
        "longitude": -0.4152531,
        "latitude": 49.1661825,
        "city": "Bretteville-sur-Odon",
        "cp": "14760"
      },
      "metadata": {
        "address": "116 Route de Bretagne, 14760 Bretteville-sur-Odon",
        "business_hours": {
          "lundi": "08:00-12:30, 14:00-19:00",
          "mardi": "08:00-12:30, 14:00-19:00",
          "mercredi": "08:00-12:30, 14:00-19:00",
          "jeudi": "08:00-12:30, 14:00-19:00",
          "vendredi": "08:00-12:30, 14:00-19:00",
          "samedi": "08:00-11:00",
          "dimanche": null
        },
        "phone_number": "+33231750800"
      },
      "prochain_rdv": null,
      "plateforme": "Doctolib",
      "type": "general-practitioner",
      "appointment_count": 0,
      "internal_id": "doctolib182997pid120824",
      "vaccine_type": [],
      "appointment_by_phone_only": false,
      "erreur": null,
      "last_scan_with_availabilities": null,
      "request_counts": null
    },
    {
      "departement": "14",
      "nom": "👷🏽Pharmacie Lafayette du Th\u00e9\u00e2tre",
      "url": "https://www.doctolib.fr/vaccination-covid-19/caen/pharmacie-lafayette-du-theatre-caen?pid=practice-171752",
      "location": {
        "longitude": -0.3649374,
        "latitude": 49.1814862,
        "city": "Caen",
        "cp": "14000"
      },
      "metadata": {
        "address": "6 Rue Paul Doumer, 14000 Caen",
        "business_hours": {
          "lundi": "09:00-18:30",
          "mardi": "09:00-18:30",
          "mercredi": "09:00-18:30",
          "jeudi": "09:00-18:30",
          "vendredi": "09:00-18:30",
          "samedi": "09:00-19:00",
          "dimanche": null
        },
        "phone_number": "+33231860737"
      },
      "prochain_rdv": null,
      "plateforme": "Doctolib",
      "type": "drugstore",
      "appointment_count": 0,
      "internal_id": "doctolib251539pid171752",
      "vaccine_type": [],
      "appointment_by_phone_only": false,
      "erreur": null,
      "last_scan_with_availabilities": null,
      "request_counts": null
    },
    {
      "departement": "14",
      "nom": "👷🏽Dr Dorothee CHICOT",
      "url": "https://www.doctolib.fr/vaccination-covid-19/luc-sur-mer/dorothee-chicot?pid=practice-156541",
      "location": {
        "longitude": -0.3519604,
        "latitude": 49.3162358,
        "city": "Luc-sur-Mer",
        "cp": "14530"
      },
      "metadata": {
        "address": "9 Rue Aristide Briand, 14530 Luc-sur-Mer",
        "business_hours": {
          "lundi": "08:00-20:00",
          "mardi": "08:00-20:00",
          "mercredi": "08:00-20:00",
          "jeudi": "08:00-20:00",
          "vendredi": "08:00-20:00",
          "samedi": "08:00-12:00",
          "dimanche": null
        }
      },
      "prochain_rdv": null,
      "plateforme": "Doctolib",
      "type": "general-practitioner",
      "appointment_count": 0,
      "internal_id": "doctolib184618pid156541",
      "vaccine_type": [],
      "appointment_by_phone_only": false,
      "erreur": null,
      "last_scan_with_availabilities": null,
      "request_counts": null
    },
    {
      "departement": "14",
      "nom": "👷🏽Dr Minh-Huy TRUONG",
      "url": "https://www.doctolib.fr/vaccination-covid-19/herouville-saint-clair/minh-huy-truong?pid=practice-156260",
      "location": {
        "longitude": -0.3423528,
        "latitude": 49.2126543,
        "city": "H\u00e9rouville-Saint-Clair",
        "cp": "14200"
      },
      "metadata": {
        "address": "1b Avenue de Garbsen, 14200 H\u00e9rouville-Saint-Clair",
        "business_hours": {
          "lundi": "08:30-12:00, 14:00-19:00",
          "mardi": "08:30-12:00, 14:00-19:00",
          "mercredi": "08:30-12:00, 14:00-19:00",
          "jeudi": "08:30-12:00, 14:00-19:00",
          "vendredi": "08:30-12:00, 14:00-19:00",
          "samedi": null,
          "dimanche": null
        },
        "phone_number": "+33231468230"
      },
      "prochain_rdv": null,
      "plateforme": "Doctolib",
      "type": "general-practitioner",
      "appointment_count": 0,
      "internal_id": "doctolib135375pid156260",
      "vaccine_type": [],
      "appointment_by_phone_only": false,
      "erreur": null,
      "last_scan_with_availabilities": null,
      "request_counts": null
    },
    {
      "departement": "14",
      "nom": "👷🏽Cabinet infirmier du Clos Herbert",
      "url": "https://www.doctolib.fr/vaccination-covid-19/caen/cabinet-infirmier-du-clos-herbert?pid=practice-223053",
      "location": {
        "longitude": -0.354091,
        "latitude": 49.191162,
        "city": "Caen",
        "cp": "14000"
      },
      "metadata": {
        "address": "42 Rue du Clos Herbert, 14000 Caen",
        "business_hours": {
          "lundi": "07:30-20:00",
          "mardi": "07:30-20:00",
          "mercredi": "07:30-20:00",
          "jeudi": "07:30-20:00",
          "vendredi": "07:30-20:00",
          "samedi": "07:30-20:00",
          "dimanche": "07:30-20:00"
        }
      },
      "prochain_rdv": null,
      "plateforme": "Doctolib",
      "type": "vaccination-center",
      "appointment_count": 0,
      "internal_id": "doctolib321471pid223053",
      "vaccine_type": [],
      "appointment_by_phone_only": false,
      "erreur": null,
      "last_scan_with_availabilities": null,
      "request_counts": null
    },
    {
      "departement": "14",
      "nom": "👷🏽Pharmacie du Bessin",
      "url": "https://www.doctolib.fr/vaccination-covid-19/bayeux/pharmacie-du-bessin?pid=practice-202107",
      "location": {
        "longitude": -0.7082495,
        "latitude": 49.2838384,
        "city": "Bayeux",
        "cp": "14400"
      },
      "metadata": {
        "address": "Centre Commercial Carrefour, Boulevard d'Eindhoven, 14400 Bayeux",
        "business_hours": {
          "lundi": "09:00-19:15",
          "mardi": "09:00-19:15",
          "mercredi": "09:00-19:15",
          "jeudi": "09:00-19:15",
          "vendredi": "09:00-19:15",
          "samedi": "09:00-19:00",
          "dimanche": null
        },
        "phone_number": "+33231920284"
      },
      "prochain_rdv": null,
      "plateforme": "Doctolib",
      "type": "drugstore",
      "appointment_count": 0,
      "internal_id": "doctolib289142pid202107",
      "vaccine_type": [],
      "appointment_by_phone_only": false,
      "erreur": null,
      "last_scan_with_availabilities": null,
      "request_counts": null
    },
    {
      "departement": "14",
      "nom": "👷🏽Pharmacie Lexovienne",
      "url": "https://www.doctolib.fr/vaccination-covid-19/lisieux/pharmacie-lexovienne?pid=practice-190694",
      "location": {
        "longitude": 0.2202426,
        "latitude": 49.1437019,
        "city": "Lisieux",
        "cp": "14100"
      },
      "metadata": {
        "address": "27 Avenue du 6 Juin, 14100 Lisieux",
        "business_hours": {
          "lundi": "08:45-12:30, 14:00-20:00",
          "mardi": "08:45-12:30, 14:00-20:00",
          "mercredi": "08:45-12:30, 14:00-20:00",
          "jeudi": "08:45-12:30, 14:00-20:00",
          "vendredi": "08:45-12:30, 14:00-20:00",
          "samedi": "08:45-12:30, 14:00-19:00",
          "dimanche": null
        },
        "phone_number": "+33231620067"
      },
      "prochain_rdv": null,
      "plateforme": "Doctolib",
      "type": "drugstore",
      "appointment_count": 0,
      "internal_id": "doctolib273899pid190694",
      "vaccine_type": [],
      "appointment_by_phone_only": false,
      "erreur": null,
      "last_scan_with_availabilities": null,
      "request_counts": null
    },
    {
      "departement": "14",
      "nom": "👷🏽CH Falaise - Centre de vaccination Covid-19",
      "url": "https://www.doctolib.fr/vaccination-covid-19/falaise/ch-falaise-centre-de-vaccination-covid-19?pid=practice-164516",
      "location": {
        "longitude": -0.2056488,
        "latitude": 48.8914683,
        "city": "Falaise",
        "cp": "14700"
      },
      "metadata": {
        "address": "Boulevard des Bercagnes, 14700 Falaise",
        "business_hours": {
          "lundi": "09:00-13:00, 14:00-17:30",
          "mardi": "09:00-13:00, 14:00-17:30",
          "mercredi": "09:00-13:00, 14:00-17:30",
          "jeudi": "09:00-13:00, 14:00-17:30",
          "vendredi": "09:00-13:00, 14:00-17:30",
          "samedi": null,
          "dimanche": null
        },
        "phone_number": "+33279461156"
      },
      "prochain_rdv": null,
      "plateforme": "Doctolib",
      "type": "vaccination-center",
      "appointment_count": 0,
      "internal_id": "doctolib242826pid164516",
      "vaccine_type": [],
      "appointment_by_phone_only": false,
      "erreur": null,
      "last_scan_with_availabilities": null,
      "request_counts": null
    },
    {
      "departement": "14",
      "nom": "👷🏽Mme Stephanie HAMEL",
      "url": "https://www.doctolib.fr/vaccination-covid-19/caen/stephanie-hamel?pid=practice-223831",
      "location": {
        "longitude": -0.4036545,
        "latitude": 49.1881648,
        "city": "Caen",
        "cp": "14000"
      },
      "metadata": {
        "address": "11 Rue des Courts Carreaux, 14000 Caen",
        "business_hours": {
          "lundi": "06:00-20:30",
          "mardi": "06:00-20:30",
          "mercredi": "06:00-20:30",
          "jeudi": "06:00-20:30",
          "vendredi": "06:00-20:30",
          "samedi": "06:00-20:30",
          "dimanche": "06:00-20:30"
        },
        "phone_number": "+33680235604"
      },
      "prochain_rdv": null,
      "plateforme": "Doctolib",
      "type": "vaccination-center",
      "appointment_count": 0,
      "internal_id": "doctolib322318pid223831",
      "vaccine_type": [],
      "appointment_by_phone_only": false,
      "erreur": null,
      "last_scan_with_availabilities": null,
      "request_counts": null
    },
    {
      "departement": "14",
      "nom": "👷🏽Grande Pharmacie du Progr\u00e8s",
      "url": "https://www.doctolib.fr/vaccination-covid-19/caen/grande-pharmacie-du-progres?pid=practice-178723",
      "location": {
        "longitude": -0.3605176,
        "latitude": 49.1833763,
        "city": "Caen",
        "cp": "14000"
      },
      "metadata": {
        "address": "2 Boulevard des Alli\u00e9s, 14000 Caen",
        "business_hours": {
          "lundi": "09:00-18:00",
          "mardi": "09:00-18:00",
          "mercredi": "10:00-18:00",
          "jeudi": "09:00-20:45",
          "vendredi": "09:00-18:00",
          "samedi": "09:00-13:00",
          "dimanche": null
        },
        "phone_number": "+33231277017"
      },
      "prochain_rdv": null,
      "plateforme": "Doctolib",
      "type": "drugstore",
      "appointment_count": 0,
      "internal_id": "doctolib261570pid178723",
      "vaccine_type": [],
      "appointment_by_phone_only": false,
      "erreur": null,
      "last_scan_with_availabilities": null,
      "request_counts": null
    },
    {
      "departement": "14",
      "nom": "👷🏽Pharmacie des Belles Portes",
      "url": "https://www.doctolib.fr/vaccination-covid-19/herouville-saint-clair/pharmacie-des-belles-portes?pid=practice-217323",
      "location": {
        "longitude": -0.3294494,
        "latitude": 49.2008245,
        "city": "H\u00e9rouville-Saint-Clair",
        "cp": "14200"
      },
      "metadata": {
        "address": "326 Bd des Belles Portes Prte 3, 14200 H\u00e9rouville-Saint-Clair",
        "business_hours": {
          "lundi": "09:00-13:00, 14:30-19:00",
          "mardi": "09:00-13:00, 14:30-19:00",
          "mercredi": "09:00-13:00, 14:30-19:00",
          "jeudi": "09:00-13:00, 14:30-19:00",
          "vendredi": "09:00-13:00, 14:30-19:00",
          "samedi": "09:00-12:30",
          "dimanche": null
        }
      },
      "prochain_rdv": null,
      "plateforme": "Doctolib",
      "type": "drugstore",
      "appointment_count": 0,
      "internal_id": "doctolib311902pid217323",
      "vaccine_type": [],
      "appointment_by_phone_only": false,
      "erreur": null,
      "last_scan_with_availabilities": null,
      "request_counts": null
    },
    {
      "departement": "14",
      "nom": "👷🏽Pharmacie du Long Cours",
      "url": "https://www.doctolib.fr/vaccination-covid-19/louvigny/pharmacie-du-long-cours?pid=practice-202693",
      "location": {
        "longitude": -0.3997005,
        "latitude": 49.1607872,
        "city": "Louvigny",
        "cp": "14111"
      },
      "metadata": {
        "address": "Longue Vue des Photographes, 14111 Louvigny",
        "business_hours": {
          "lundi": "09:00-19:30",
          "mardi": "09:00-19:30",
          "mercredi": "09:00-19:30",
          "jeudi": "09:00-19:30",
          "vendredi": "09:00-19:30",
          "samedi": "09:00-19:30",
          "dimanche": null
        }
      },
      "prochain_rdv": null,
      "plateforme": "Doctolib",
      "type": "drugstore",
      "appointment_count": 0,
      "internal_id": "doctolib289813pid202693",
      "vaccine_type": [],
      "appointment_by_phone_only": false,
      "erreur": null,
      "last_scan_with_availabilities": null,
      "request_counts": null
    },
    {
      "departement": "14",
      "nom": "👷🏽Cabinet infirmier Bernard Lecourt Lev\u00eaque Maunoury",
      "url": "https://www.doctolib.fr/vaccination-covid-19/isigny-sur-mer/cabinet-infirmier-bernard-lecourt-leveque-maunoury?pid=practice-224708",
      "location": {
        "longitude": -1.101606,
        "latitude": 49.3191391,
        "city": "Isigny-sur-Mer",
        "cp": "14230"
      },
      "metadata": {
        "address": "16 Place de L H\u00f4tel de ville, 14230 Isigny-sur-Mer",
        "business_hours": {
          "lundi": "09:00-18:00",
          "mardi": "09:00-18:00",
          "mercredi": "09:00-18:00",
          "jeudi": "09:00-18:00",
          "vendredi": "09:00-18:00",
          "samedi": null,
          "dimanche": null
        },
        "phone_number": "+33681502862"
      },
      "prochain_rdv": null,
      "plateforme": "Doctolib",
      "type": "vaccination-center",
      "appointment_count": 0,
      "internal_id": "doctolib323240pid224708",
      "vaccine_type": [],
      "appointment_by_phone_only": false,
      "erreur": null,
      "last_scan_with_availabilities": null,
      "request_counts": null
    },
    {
      "departement": "14",
      "nom": "👷🏽Dr Didier Tambosco",
      "url": "https://www.doctolib.fr/vaccination-covid-19/herouville-saint-clair/didier-tambosco?pid=practice-74932",
      "location": {
        "longitude": -0.341987000000017,
        "latitude": 49.203443,
        "city": "H\u00e9rouville-Saint-Clair",
        "cp": "14200"
      },
      "metadata": {
        "address": "1607 La Grande Delle, 14200 H\u00e9rouville-Saint-Clair",
        "business_hours": {
          "lundi": "08:30-12:00",
          "mardi": "08:30-12:00",
          "mercredi": "08:30-12:00",
          "jeudi": "08:30-19:30",
          "vendredi": "08:30-12:00",
          "samedi": "08:30-12:00",
          "dimanche": null
        },
        "phone_number": "+33231476083"
      },
      "prochain_rdv": null,
      "plateforme": "Doctolib",
      "type": "general-practitioner",
      "appointment_count": 0,
      "internal_id": "doctolib121198pid74932",
      "vaccine_type": [],
      "appointment_by_phone_only": false,
      "erreur": null,
      "last_scan_with_availabilities": null,
      "request_counts": null
    },
    {
      "departement": "14",
      "nom": "👷🏽Mme M\u00e9lanie Delaunay",
      "url": "https://www.doctolib.fr/vaccination-covid-19/caen/melanie-delaunay?pid=practice-197420",
      "location": {
        "longitude": -0.3804213,
        "latitude": 49.1782786,
        "city": "Caen",
        "cp": "14000"
      },
      "metadata": {
        "address": "160 Rue Caponi\u00e8re, 14000 Caen",
        "business_hours": {
          "lundi": "06:00-20:00",
          "mardi": "06:00-20:00",
          "mercredi": "06:00-20:00",
          "jeudi": "06:00-20:00",
          "vendredi": "06:00-20:00",
          "samedi": "06:00-20:00",
          "dimanche": "06:00-20:00"
        },
        "phone_number": "+33608185224"
      },
      "prochain_rdv": null,
      "plateforme": "Doctolib",
      "type": "vaccination-center",
      "appointment_count": 0,
      "internal_id": "doctolib282987pid197420",
      "vaccine_type": [],
      "appointment_by_phone_only": false,
      "erreur": null,
      "last_scan_with_availabilities": null,
      "request_counts": null
    },
    {
      "departement": "14",
      "nom": "👷🏽Cabinet infirmier Caen Baudouin - Ricci - Besnard - Debons",
      "url": "https://www.doctolib.fr/vaccination-covid-19/caen/cabinet-infirmier-julie-ricci?pid=practice-224758",
      "location": {
        "longitude": -0.3815397,
        "latitude": 49.182981,
        "city": "Caen",
        "cp": "14000"
      },
      "metadata": {
        "address": "106 Rue de Bayeux, 14000 Caen",
        "business_hours": {
          "lundi": "06:30-21:00",
          "mardi": "06:30-21:00",
          "mercredi": "06:30-21:00",
          "jeudi": "06:30-21:00",
          "vendredi": "06:30-21:00",
          "samedi": "06:30-21:00",
          "dimanche": "06:30-21:00"
        },
        "phone_number": "+33650898580"
      },
      "prochain_rdv": null,
      "plateforme": "Doctolib",
      "type": "vaccination-center",
      "appointment_count": 0,
      "internal_id": "doctolib323346pid224758",
      "vaccine_type": [],
      "appointment_by_phone_only": false,
      "erreur": null,
      "last_scan_with_availabilities": null,
      "request_counts": null
    },
    {
      "departement": "14",
      "nom": "👷🏽Dr Alexis AUBERT",
      "url": "https://www.doctolib.fr/vaccination-covid-19/sannerville/alexis-aubert?pid=practice-197878",
      "location": {
        "longitude": -0.2240472,
        "latitude": 49.1788461,
        "city": "Sannerville",
        "cp": "14940"
      },
      "metadata": {
        "address": "5 Rue des Cl\u00e9matites, 14940 Sannerville",
        "business_hours": {
          "lundi": "08:00-19:00",
          "mardi": "08:00-19:00",
          "mercredi": "08:00-19:00",
          "jeudi": "08:00-19:00",
          "vendredi": "08:00-19:00",
          "samedi": "08:00-12:00",
          "dimanche": null
        },
        "phone_number": "+33231306913"
      },
      "prochain_rdv": null,
      "plateforme": "Doctolib",
      "type": "general-practitioner",
      "appointment_count": 0,
      "internal_id": "doctolib283556pid197878",
      "vaccine_type": [],
      "appointment_by_phone_only": false,
      "erreur": null,
      "last_scan_with_availabilities": null,
      "request_counts": null
    },
    {
      "departement": "14",
      "nom": "👷🏽Cabinet infirmier Mathieu-Lelong-Blais",
      "url": "https://www.doctolib.fr/vaccination-covid-19/ouistreham/cabinet-infirmier-mathieu-lelong-blais?pid=practice-214837",
      "location": {
        "longitude": -0.2599355,
        "latitude": 49.2832789,
        "city": "Ouistreham",
        "cp": "14150"
      },
      "metadata": {
        "address": "6b Avenue du Mar\u00e9chal Foch, 14150 Ouistreham",
        "business_hours": {
          "lundi": "07:30-20:00",
          "mardi": "07:30-20:00",
          "mercredi": "07:30-20:00",
          "jeudi": "07:30-20:00",
          "vendredi": "07:30-20:00",
          "samedi": "07:30-20:00",
          "dimanche": "07:30-20:00"
        },
        "phone_number": "+33231447655"
      },
      "prochain_rdv": null,
      "plateforme": "Doctolib",
      "type": "vaccination-center",
      "appointment_count": 0,
      "internal_id": "doctolib309311pid214837",
      "vaccine_type": [],
      "appointment_by_phone_only": false,
      "erreur": null,
      "last_scan_with_availabilities": null,
      "request_counts": null
    },
    {
      "departement": "14",
      "nom": "👷🏽Dr Eric  MARIE",
      "url": "https://www.doctolib.fr/vaccination-covid-19/caen/eric-marie?pid=practice-10509",
      "location": {
        "longitude": -0.361601599999972,
        "latitude": 49.1681611,
        "city": "Caen",
        "cp": "14000"
      },
      "metadata": {
        "address": "98 Boulevard Mar\u00e9chal Lyautey, 14000 Caen",
        "business_hours": {
          "lundi": "09:00-20:00",
          "mardi": "09:00-20:00",
          "mercredi": "09:00-20:00",
          "jeudi": "09:00-20:00",
          "vendredi": "09:00-20:00",
          "samedi": null,
          "dimanche": null
        }
      },
      "prochain_rdv": null,
      "plateforme": "Doctolib",
      "type": "general-practitioner",
      "appointment_count": 0,
      "internal_id": "doctolib17974pid10509",
      "vaccine_type": [],
      "appointment_by_phone_only": false,
      "erreur": null,
      "last_scan_with_availabilities": null,
      "request_counts": null
    },
    {
      "departement": "14",
      "nom": "👷🏽M. Hubert FLEURY",
      "url": "https://www.doctolib.fr/vaccination-covid-19/cabourg/hubert-fleury?pid=practice-220732",
      "location": {
        "longitude": -0.1153413,
        "latitude": 49.288799,
        "city": "Cabourg",
        "cp": "14390"
      },
      "metadata": {
        "address": "15 Avenue de Bavent, 14390 Cabourg",
        "business_hours": {
          "lundi": "06:00-13:00, 13:00-20:00",
          "mardi": "06:00-13:00, 13:00-20:00",
          "mercredi": "06:00-13:00, 13:00-20:00",
          "jeudi": "06:00-13:00, 13:00-20:00",
          "vendredi": "06:00-13:00, 13:00-20:00",
          "samedi": "06:00-13:00, 13:00-20:00",
          "dimanche": "06:00-13:00, 13:00-20:00"
        },
        "phone_number": "+33231240462"
      },
      "prochain_rdv": null,
      "plateforme": "Doctolib",
      "type": "vaccination-center",
      "appointment_count": 0,
      "internal_id": "doctolib256003pid220732",
      "vaccine_type": [],
      "appointment_by_phone_only": false,
      "erreur": null,
      "last_scan_with_availabilities": null,
      "request_counts": null
    },
    {
      "departement": "14",
      "nom": "👷🏽Dr Pascal MABIRE",
      "url": "https://www.doctolib.fr/vaccination-covid-19/caen/pascal-mabire-7a44c111-5f11-4294-990a-66e071a8bf19?pid=practice-47782",
      "location": {
        "longitude": -0.365459200000032,
        "latitude": 49.1649646,
        "city": "Caen",
        "cp": "14000"
      },
      "metadata": {
        "address": "49 Avenue d'Harcourt, 14000 Caen",
        "business_hours": {
          "lundi": "08:00-12:00, 14:00-20:30",
          "mardi": "08:00-12:00, 14:00-20:30",
          "mercredi": "08:00-12:00, 14:00-20:30",
          "jeudi": "08:00-12:00, 14:00-20:30",
          "vendredi": "08:00-12:00, 14:00-20:30",
          "samedi": "09:00-12:00",
          "dimanche": null
        },
        "phone_number": "+33231842613"
      },
      "prochain_rdv": null,
      "plateforme": "Doctolib",
      "type": "general-practitioner",
      "appointment_count": 0,
      "internal_id": "doctolib81944pid47782",
      "vaccine_type": [],
      "appointment_by_phone_only": false,
      "erreur": null,
      "last_scan_with_availabilities": null,
      "request_counts": null
    }
  ]
}