{
  "version": 1,
  "last_updated": "2021-12-02T14:50:25+01:00",
  "centres_disponibles": [
    {
      "departement": "27",
      "nom": "👷🏽Pharmacie de la Mairie",
      "url": "https://www.doctolib.fr/vaccination-covid-19/gaillon/pharmacie-de-la-mairie-gaillon?pid=practice-203422",
      "location": {
        "longitude": 1.3335256,
        "latitude": 49.1604741,
        "city": "Gaillon",
        "cp": "27600"
      },
      "metadata": {
        "address": "4 Rue G\u00e9n\u00e9ral de Gaulle, 27600 Gaillon",
        "business_hours": {
          "lundi": "09:00-12:15, 14:00-19:30",
          "mardi": "09:00-12:15, 14:00-19:30",
          "mercredi": "09:00-12:15, 14:00-19:30",
          "jeudi": "09:00-12:15, 14:00-19:30",
          "vendredi": "09:00-12:15, 14:00-19:30",
          "samedi": "09:00-12:30, 14:15-19:00",
          "dimanche": null
        },
        "phone_number": "+33232530724"
      },
      "prochain_rdv": "2021-12-02T15:02:00+01:00",
      "plateforme": "Doctolib",
      "type": "drugstore",
      "appointment_count": 1999,
      "internal_id": "doctolib290555pid203422",
      "vaccine_type": [
        "Pfizer-BioNTech",
        "Moderna"
      ],
      "appointment_by_phone_only": false,
      "erreur": null,
      "last_scan_with_availabilities": null,
      "request_counts": null
    },
    {
      "departement": "27",
      "nom": "👷🏽Pharmacie du Pot d'\u00c9tain",
      "url": "https://www.doctolib.fr/vaccination-covid-19/pont-audemer/pharmacie-du-pot-d-etain?pid=practice-182638",
      "location": {
        "longitude": 0.5133692,
        "latitude": 49.3531306,
        "city": "Pont-Audemer",
        "cp": "27500"
      },
      "metadata": {
        "address": "11 Place du Pot d'\u00c9tain, 27500 Pont-Audemer",
        "business_hours": {
          "lundi": "08:30-12:30, 14:00-19:30",
          "mardi": "08:30-12:30, 14:00-19:30",
          "mercredi": "08:30-12:30, 14:00-19:30",
          "jeudi": "08:30-12:30, 14:00-19:30",
          "vendredi": "08:30-12:30, 14:00-19:30",
          "samedi": "08:30-12:30, 14:00-19:30",
          "dimanche": "08:30-12:30, 14:00-19:30"
        },
        "phone_number": "+33232410420"
      },
      "prochain_rdv": "2021-12-03T10:50:00+01:00",
      "plateforme": "Doctolib",
      "type": "drugstore",
      "appointment_count": 2083,
      "internal_id": "doctolib266487pid182638",
      "vaccine_type": [
        "Moderna"
      ],
      "appointment_by_phone_only": false,
      "erreur": null,
      "last_scan_with_availabilities": null,
      "request_counts": null
    },
    {
      "departement": "27",
      "nom": "👷🏽GHT Eure-Seine & Pays d\u2019Ouche - Centres de vaccination Covid-19",
      "url": "https://www.doctolib.fr/vaccination-covid-19/evreux/ch-eure-seine-centre-de-vaccination-covid-vacci-covid-27?pid=practice-222455",
      "location": {
        "longitude": 1.212029,
        "latitude": 49.272441,
        "city": "Val-de-Reuil",
        "cp": "27100"
      },
      "metadata": {
        "address": "Chauss\u00e9e du Parc, 27100 Val-de-Reuil",
        "business_hours": {
          "lundi": null,
          "mardi": null,
          "mercredi": null,
          "jeudi": null,
          "vendredi": null,
          "samedi": null,
          "dimanche": null
        }
      },
      "prochain_rdv": "2021-12-06T10:30:00+01:00",
      "plateforme": "Doctolib",
      "type": "vaccination-center",
      "appointment_count": 645,
      "internal_id": "doctolib240902pid222455",
      "vaccine_type": [
        "Moderna",
        "Pfizer-BioNTech"
      ],
      "appointment_by_phone_only": false,
      "erreur": null,
      "last_scan_with_availabilities": null,
      "request_counts": null
    },
    {
      "departement": "27",
      "nom": "👷🏽Pharmacie de l'Epte",
      "url": "https://www.doctolib.fr/vaccination-covid-19/gisors/pharmacie-veyron?pid=practice-191695",
      "location": {
        "longitude": 1.7777663,
        "latitude": 49.2775102,
        "city": "Gisors",
        "cp": "27140"
      },
      "metadata": {
        "address": "35 Rue de Paris, 27140 Gisors",
        "business_hours": {
          "lundi": "08:30-19:30",
          "mardi": "08:30-19:30",
          "mercredi": "08:30-19:30",
          "jeudi": "08:30-19:30",
          "vendredi": "08:30-19:30",
          "samedi": "08:30-19:00",
          "dimanche": null
        },
        "phone_number": "+33232273683"
      },
      "prochain_rdv": "2021-12-13T17:10:00+01:00",
      "plateforme": "Doctolib",
      "type": "drugstore",
      "appointment_count": 440,
      "internal_id": "doctolib275050pid191695",
      "vaccine_type": [
        "Moderna"
      ],
      "appointment_by_phone_only": false,
      "erreur": null,
      "last_scan_with_availabilities": null,
      "request_counts": null
    },
    {
      "departement": "27",
      "nom": "👷🏽GHT Eure-Seine & Pays d\u2019Ouche - Centres de vaccination Covid-19",
      "url": "https://www.doctolib.fr/vaccination-covid-19/evreux/ch-eure-seine-centre-de-vaccination-covid-vacci-covid-27?pid=practice-205191",
      "location": {
        "longitude": 1.1532121,
        "latitude": 49.0207026,
        "city": "\u00c9vreux",
        "cp": "27000"
      },
      "metadata": {
        "address": "14 Rue du Capitaine Louis Herriot, 27000 \u00c9vreux",
        "business_hours": {
          "lundi": "09:00-13:00",
          "mardi": null,
          "mercredi": null,
          "jeudi": null,
          "vendredi": null,
          "samedi": null,
          "dimanche": null
        },
        "phone_number": "+33232338974"
      },
      "prochain_rdv": "2021-12-16T13:30:00+01:00",
      "plateforme": "Doctolib",
      "type": "vaccination-center",
      "appointment_count": 1317,
      "internal_id": "doctolib240902pid205191",
      "vaccine_type": [
        "Moderna",
        "Pfizer-BioNTech"
      ],
      "appointment_by_phone_only": false,
      "erreur": null,
      "last_scan_with_availabilities": null,
      "request_counts": null
    },
    {
      "departement": "27",
      "nom": "👷🏽Pharmacie Ferrand Gaillard",
      "url": "https://www.doctolib.fr/vaccination-covid-19/pacy-sur-eure/pharmacie-ferrand-gaillard?pid=practice-176200",
      "location": {
        "longitude": 1.378848,
        "latitude": 49.01352,
        "city": "Pacy-sur-Eure",
        "cp": "27120"
      },
      "metadata": {
        "address": "18 Rue Edouard Isambard, 27120 Pacy-sur-Eure",
        "business_hours": {
          "lundi": "14:30-19:00",
          "mardi": "09:00-12:30, 14:30-19:00",
          "mercredi": "09:00-12:30, 14:30-19:00",
          "jeudi": "09:00-12:30, 14:30-19:00",
          "vendredi": "09:00-12:30, 14:30-19:00",
          "samedi": "09:00-13:00, 14:30-19:00",
          "dimanche": null
        },
        "phone_number": "+33232360108"
      },
      "prochain_rdv": "2021-12-21T16:35:00+01:00",
      "plateforme": "Doctolib",
      "type": "drugstore",
      "appointment_count": 1315,
      "internal_id": "doctolib257457pid176200",
      "vaccine_type": [
        "Moderna"
      ],
      "appointment_by_phone_only": false,
      "erreur": null,
      "last_scan_with_availabilities": null,
      "request_counts": null
    },
    {
      "departement": "27",
      "nom": "👷🏽GHT Eure-Seine & Pays d\u2019Ouche - Centres de vaccination Covid-19",
      "url": "https://www.doctolib.fr/vaccination-covid-19/evreux/ch-eure-seine-centre-de-vaccination-covid-vacci-covid-27?pid=practice-177715",
      "location": {
        "longitude": 0.5952075,
        "latitude": 49.0861027,
        "city": "Bernay",
        "cp": "27300"
      },
      "metadata": {
        "address": "8 Rue Jacques Philippe Breant, 27300 Bernay",
        "business_hours": {
          "lundi": "09:00-13:00",
          "mardi": null,
          "mercredi": null,
          "jeudi": null,
          "vendredi": null,
          "samedi": null,
          "dimanche": null
        },
        "phone_number": "+33279461156"
      },
      "prochain_rdv": "2021-12-23T15:50:00+01:00",
      "plateforme": "Doctolib",
      "type": "vaccination-center",
      "appointment_count": 2601,
      "internal_id": "doctolib240902pid177715",
      "vaccine_type": [
        "Pfizer-BioNTech"
      ],
      "appointment_by_phone_only": false,
      "erreur": null,
      "last_scan_with_availabilities": null,
      "request_counts": null
    },
    {
      "departement": "27",
      "nom": "👷🏽Pharmacie de la place",
      "url": "https://www.doctolib.fr/vaccination-covid-19/le-val-d-hazey/pharmacie-de-la-place-le-val-d-hazey?pid=practice-206959",
      "location": {
        "longitude": 1.3367702,
        "latitude": 49.1731268,
        "city": "Le Val-d'Hazey",
        "cp": "27940"
      },
      "metadata": {
        "address": "31 place Fran\u00e7ois Mitterrand, 27940 Le Val-d'Hazey",
        "business_hours": {
          "lundi": "09:00-12:30, 14:30-19:45",
          "mardi": "09:00-12:30, 14:30-19:45",
          "mercredi": "09:00-12:30, 14:30-19:45",
          "jeudi": "09:00-12:30, 14:30-19:45",
          "vendredi": "09:00-12:30, 14:30-19:45",
          "samedi": "09:00-12:30, 14:30-19:00",
          "dimanche": null
        },
        "phone_number": "+33232523324"
      },
      "prochain_rdv": "2021-12-24T17:00:00+01:00",
      "plateforme": "Doctolib",
      "type": "drugstore",
      "appointment_count": 1580,
      "internal_id": "doctolib294718pid206959",
      "vaccine_type": [
        "Moderna",
        "Pfizer-BioNTech"
      ],
      "appointment_by_phone_only": false,
      "erreur": null,
      "last_scan_with_availabilities": null,
      "request_counts": null
    },
    {
      "departement": "27",
      "nom": "👷🏽Cabinet infirmi\u00e8re Laura GREVERIE",
      "url": "https://www.maiia.com/pharmacie/27500-pont-audemer/cabinet-infirmiere-laura-greverie?centerid=6194bf37eb6cd16c665c17a5",
      "location": {
        "longitude": 0.513553,
        "latitude": 49.355073,
        "city": "Pont-Audemer",
        "cp": "27500"
      },
      "metadata": {
        "address": "14 Place LOUIS GILLAIN 27500 Pont-Audemer",
        "business_hours": {
          "Lundi": "07:45-18:30",
          "Mardi": "07:45-18:30",
          "Mercredi": "07:45-18:30",
          "Jeudi": "07:45-18:30",
          "Vendredi": "07:45-18:30",
          "Samedi": "07:45-18:30",
          "Dimanche": "07:45-18:30"
        },
        "phone_number": "+33666799824"
      },
      "prochain_rdv": "2021-12-30T11:00:00+00:00",
      "plateforme": "Maiia",
      "type": "drugstore",
      "appointment_count": 81,
      "internal_id": "maiia6194bf37",
      "vaccine_type": [
        "ARNm",
        "Pfizer-BioNTech"
      ],
      "appointment_by_phone_only": false,
      "erreur": null,
      "last_scan_with_availabilities": null,
      "request_counts": null
    },
    {
      "departement": "27",
      "nom": "👷🏽Centre de vaccination COVID - Centre Hospitalier de la Risle",
      "url": "https://www.doctolib.fr/vaccination-covid-19/pont-audemer/centre-de-vaccination-covid-centre-hospitalier-ch-de-la-risle?pid=establishment-6213",
      "location": {
        "longitude": 0.5147088,
        "latitude": 49.3456357,
        "city": "PONT AUDEMER",
        "cp": "27504"
      },
      "metadata": {
        "address": "64 ROUTE DE LISIEUX, 27504 PONT AUDEMER",
        "business_hours": null,
        "phone_number": "+33232416464"
      },
      "prochain_rdv": "2022-01-03T13:50:00+01:00",
      "plateforme": "Doctolib",
      "type": "vaccination-center",
      "appointment_count": 3101,
      "internal_id": "doctolib242833",
      "vaccine_type": [
        "Pfizer-BioNTech"
      ],
      "appointment_by_phone_only": false,
      "erreur": null,
      "last_scan_with_availabilities": null,
      "request_counts": null
    },
    {
      "departement": "27",
      "nom": "👷🏽Pharmacie Thi\u00e9bault",
      "url": "https://pharmaciethiebault.pharmavie.fr/rendez-vous/vaccination/488-vaccination-covid-19/pre-inscription?origin=vmd",
      "location": {
        "longitude": 1.6122066,
        "latitude": 49.3058426,
        "city": "\u00c9tr\u00e9pagny",
        "cp": "27150"
      },
      "metadata": {
        "address": "46 Rue Georges Clemenceau, 27150 \u00c9tr\u00e9pagny",
        "business_hours": {
          "lundi": "09:00-12:30, 14:30-19:30",
          "mardi": "09:00-12:30, 14:30-19:30",
          "mercredi": "09:00-12:30, 14:30-19:30",
          "jeudi": "09:00-12:30, 14:30-19:30",
          "vendredi": "09:00-12:30, 14:30-19:30",
          "samedi": "09:00-12:30, 14:30-17:00",
          "dimanche": null
        },
        "phone_number": "+33232557604"
      },
      "prochain_rdv": "2022-01-07T15:05:00+01:00",
      "plateforme": "mesoigner",
      "type": "drugstore",
      "appointment_count": 85,
      "internal_id": "mesoigner1556",
      "vaccine_type": [
        "Pfizer-BioNTech"
      ],
      "appointment_by_phone_only": false,
      "erreur": null,
      "last_scan_with_availabilities": null,
      "request_counts": null
    },
    {
      "departement": "27",
      "nom": "👷🏽GHT Eure-Seine & Pays d\u2019Ouche - Centres de vaccination Covid-19",
      "url": "https://www.doctolib.fr/vaccination-covid-19/evreux/ch-eure-seine-centre-de-vaccination-covid-vacci-covid-27?pid=practice-162969",
      "location": {
        "longitude": 1.7556879,
        "latitude": 49.2763429,
        "city": "Gisors",
        "cp": "27140"
      },
      "metadata": {
        "address": "27140 Rue du Faubourg de Neaufles, 27140 Gisors",
        "business_hours": {
          "lundi": "08:30-17:00",
          "mardi": "08:30-17:00",
          "mercredi": "08:30-17:00",
          "jeudi": "08:30-17:00",
          "vendredi": "08:30-17:00",
          "samedi": "09:00-17:00",
          "dimanche": "09:00-17:00"
        },
        "phone_number": "+33279461156"
      },
      "prochain_rdv": "2022-01-21T15:50:00+01:00",
      "plateforme": "Doctolib",
      "type": "vaccination-center",
      "appointment_count": 2,
      "internal_id": "doctolib240902pid162969",
      "vaccine_type": [
        "Pfizer-BioNTech"
      ],
      "appointment_by_phone_only": false,
      "erreur": null,
      "last_scan_with_availabilities": null,
      "request_counts": null
    },
    {
      "departement": "27",
      "nom": "👷🏽Pharmacie Acquigny",
      "url": "https://app.ordoclic.fr/app/pharmacie/pharmacie-acquigny-27400--acquigny",
      "location": {
        "longitude": 1.1588797,
        "latitude": 49.1518859,
        "city": "27400-acquigny",
        "cp": "27400"
      },
      "metadata": {
        "address": "51 ROUTE DE LOUVIERS, 27400 27400  ACQUIGNY",
        "phone_number": "+33232502181",
        "business_hours": null
      },
      "prochain_rdv": "2022-01-26T15:10:00+00:00",
      "plateforme": "Ordoclic",
      "type": "drugstore",
      "appointment_count": 5,
      "internal_id": "ordoclicd15a42ac",
      "vaccine_type": [
        "Pfizer-BioNTech"
      ],
      "appointment_by_phone_only": false,
      "erreur": null,
      "last_scan_with_availabilities": null,
      "request_counts": null
    },
    {
      "departement": "27",
      "nom": "👷🏽Pharmacie de la Charentonne",
      "url": "https://www.doctolib.fr/vaccination-covid-19/bernay/pharmacie-de-la-charentonne?pid=practice-175467",
      "location": {
        "longitude": 0.595537,
        "latitude": 49.089376,
        "city": "Bernay",
        "cp": "27300"
      },
      "metadata": {
        "address": "54 Rue du G\u00e9n\u00e9ral de Gaulle, 27300 Bernay",
        "business_hours": {
          "lundi": "09:00-19:00",
          "mardi": "09:00-19:00",
          "mercredi": "09:00-19:00",
          "jeudi": "09:00-19:00",
          "vendredi": "09:00-19:00",
          "samedi": "09:00-19:00",
          "dimanche": null
        },
        "phone_number": "+33232430045"
      },
      "prochain_rdv": "2022-01-31T14:50:00+01:00",
      "plateforme": "Doctolib",
      "type": "drugstore",
      "appointment_count": 27,
      "internal_id": "doctolib256280pid175467",
      "vaccine_type": [
        "Pfizer-BioNTech"
      ],
      "appointment_by_phone_only": false,
      "erreur": null,
      "last_scan_with_availabilities": null,
      "request_counts": null
    },
    {
      "departement": "27",
      "nom": "👷🏽Mme Fanny Amouna Vigneron",
      "url": "https://www.doctolib.fr/vaccination-covid-19/charleval/fanny-vigneron?pid=practice-150071",
      "location": {
        "longitude": 1.3791125,
        "latitude": 49.3681255,
        "city": "Charleval",
        "cp": "27380"
      },
      "metadata": {
        "address": "Rue du Catelier, 27380 Charleval",
        "business_hours": {
          "lundi": "09:00-18:00",
          "mardi": "08:00-18:00",
          "mercredi": null,
          "jeudi": "08:00-18:00",
          "vendredi": "08:00-18:00",
          "samedi": null,
          "dimanche": null
        },
        "phone_number": "+33664745305"
      },
      "prochain_rdv": "2022-02-01T09:10:00+01:00",
      "plateforme": "Doctolib",
      "type": "vaccination-center",
      "appointment_count": 51,
      "internal_id": "doctolib220007pid150071",
      "vaccine_type": [
        "Pfizer-BioNTech"
      ],
      "appointment_by_phone_only": false,
      "erreur": null,
      "last_scan_with_availabilities": null,
      "request_counts": null
    }
  ],
  "centres_indisponibles": [
    {
      "departement": "27",
      "nom": "👷🏽Pharmacie De L\u00e9ry",
      "url": "https://app.ordoclic.fr/app/pharmacie/pharmacie-de-lery-lery-1",
      "location": {
        "longitude": 1.2059809,
        "latitude": 49.28545279999999,
        "city": "lery",
        "cp": "27690"
      },
      "metadata": {
        "address": "45 B rue du 11 Novembre, 27690 L\u00e9ry",
        "phone_number": "+33232590460",
        "business_hours": null
      },
      "prochain_rdv": null,
      "plateforme": "Ordoclic",
      "type": "drugstore",
      "appointment_count": 0,
      "internal_id": "ordoclic1b05c3b0",
      "vaccine_type": [],
      "appointment_by_phone_only": false,
      "erreur": null,
      "last_scan_with_availabilities": null,
      "request_counts": null
    },
    {
      "departement": "27",
      "nom": "👷🏽Pharmacie de l'Eglise",
      "url": "https://www.maiia.com/pharmacie/27500-pont-audemer/pharmacie-de-l-eglise?centerid=604a3ed94125a3012e92efe5",
      "location": {
        "longitude": 0.514467,
        "latitude": 49.35519,
        "city": "Pont-Audemer",
        "cp": "27500"
      },
      "metadata": {
        "address": "23 Rue Thiers 27500 Pont-Audemer",
        "business_hours": {
          "Lundi": "09:00-12:30 14:00-18:30",
          "Mardi": "09:00-12:30 14:00-18:30",
          "Mercredi": "09:00-12:30 14:00-18:30",
          "Jeudi": "09:00-12:30 14:00-18:30",
          "Vendredi": "09:00-12:30 14:00-18:30",
          "Samedi": "09:00-12:30 14:00-18:30",
          "Dimanche": "09:00-12:30 14:00-18:30"
        }
      },
      "prochain_rdv": null,
      "plateforme": "Maiia",
      "type": "drugstore",
      "appointment_count": 0,
      "internal_id": "maiia604a3ed9",
      "vaccine_type": [],
      "appointment_by_phone_only": false,
      "erreur": null,
      "last_scan_with_availabilities": null,
      "request_counts": null
    },
    {
      "departement": "27",
      "nom": "👷🏽Pharmacie Boudet Cramoisan",
      "url": "https://www.maiia.com/pharmacie/27120-pacy-sur-eure/pharmacie-boudet-cramoisan?centerid=5fc119409b793e371391da77",
      "location": {
        "longitude": 1.379338,
        "latitude": 49.013689,
        "city": "Pacy-sur-Eure",
        "cp": "27120"
      },
      "metadata": {
        "address": "34 Rue Edouard Isambard 27120 Pacy-sur-Eure",
        "business_hours": {
          "Lundi": "09:00-12:30 14:30-19:00",
          "Mardi": "09:00-12:30 14:30-19:00",
          "Mercredi": "09:00-12:30 14:30-19:00",
          "Jeudi": "09:00-12:30 14:30-19:00",
          "Vendredi": "09:00-12:30 14:30-19:00",
          "Samedi": "09:00-12:30 14:30-19:00"
        },
        "phone_number": "+33232360110"
      },
      "prochain_rdv": null,
      "plateforme": "Maiia",
      "type": "drugstore",
      "appointment_count": 0,
      "internal_id": "maiia5fc11940",
      "vaccine_type": [],
      "appointment_by_phone_only": false,
      "erreur": null,
      "last_scan_with_availabilities": null,
      "request_counts": null
    },
    {
      "departement": "27",
      "nom": "👷🏽Pharmacie des 2 Terres ",
      "url": "https://www.maiia.com/pharmacie/27940-courcelles-sur-seine/pharmacie-des-2-terres-?centerid=5fd0db5ad390fb2fcb6050e6",
      "location": {
        "longitude": 1.358494,
        "latitude": 49.183096,
        "city": "Courcelles-sur-Seine",
        "cp": "27940"
      },
      "metadata": {
        "address": "5 Route des Andelys 27940 Courcelles-sur-Seine",
        "business_hours": {
          "Lundi": "09:00-12:30 14:00-20:00",
          "Mardi": "09:00-12:30 14:00-20:00",
          "Mercredi": "09:00-12:30 14:00-20:00",
          "Jeudi": "09:00-12:30 14:00-20:00",
          "Vendredi": "09:00-12:30 14:00-20:00",
          "Samedi": "09:00-18:00"
        },
        "phone_number": "+33232779892"
      },
      "prochain_rdv": null,
      "plateforme": "Maiia",
      "type": "drugstore",
      "appointment_count": 0,
      "internal_id": "maiia5fd0db5a",
      "vaccine_type": [],
      "appointment_by_phone_only": false,
      "erreur": null,
      "last_scan_with_availabilities": null,
      "request_counts": null
    },
    {
      "departement": "27",
      "nom": "👷🏽Pharmacie Trivini",
      "url": "https://www.maiia.com/pharmacie/27230-thiberville/pharmacie-trivini?centerid=60dc761f0d6d872039572109",
      "location": {
        "longitude": 0.454633,
        "latitude": 49.137855,
        "city": "Thiberville",
        "cp": "27230"
      },
      "metadata": {
        "address": "10 Rue d\u2019Orbec 27230 Thiberville",
        "business_hours": {
          "Lundi": "09:00-12:30 14:30-19:30",
          "Mardi": "09:00-12:30 14:30-19:30",
          "Mercredi": "09:00-12:30 14:30-19:30",
          "Jeudi": "09:00-12:30 14:30-19:30",
          "Vendredi": "09:00-12:30 14:30-19:30",
          "Samedi": "09:00-12:30 14:30-17:30",
          "Dimanche": "09:00-12:30 14:30-19:30"
        },
        "phone_number": "+33232468188"
      },
      "prochain_rdv": null,
      "plateforme": "Maiia",
      "type": "drugstore",
      "appointment_count": 0,
      "internal_id": "maiia60dc761f",
      "vaccine_type": [],
      "appointment_by_phone_only": false,
      "erreur": null,
      "last_scan_with_availabilities": null,
      "request_counts": null
    },
    {
      "departement": "27",
      "nom": "👷🏽Pharmacie du Vaudreuil",
      "url": "https://pharmacieduvaudreuil.pharmavie.fr/rendez-vous/vaccination/891-vaccination-covid-19/pre-inscription?origin=vmd",
      "location": {
        "longitude": 1.2090341,
        "latitude": 49.2569403,
        "city": "Le Vaudreuil",
        "cp": "27100"
      },
      "metadata": {
        "address": "5, Place du G. De Gaulle, 27100 Le Vaudreuil",
        "business_hours": {
          "lundi": "09:00-12:15, 14:30-19:30",
          "mardi": "09:00-12:15, 14:30-19:30",
          "mercredi": "09:00-12:15, 14:30-19:30",
          "jeudi": "09:00-12:15, 14:30-19:30",
          "vendredi": "09:00-12:15, 14:30-19:30",
          "samedi": "09:00-12:15, 14:30-18:00",
          "dimanche": null
        },
        "phone_number": "+33232590248"
      },
      "prochain_rdv": null,
      "plateforme": "mesoigner",
      "type": "drugstore",
      "appointment_count": 0,
      "internal_id": "mesoigner426",
      "vaccine_type": [],
      "appointment_by_phone_only": false,
      "erreur": null,
      "last_scan_with_availabilities": null,
      "request_counts": null
    },
    {
      "departement": "27",
      "nom": "👷🏽Pharmacie Breard",
      "url": "https://pharmaciebreard.pharmavie.fr/rendez-vous/vaccination/204-vaccination-covid-19/pre-inscription?origin=vmd",
      "location": {
        "longitude": 1.406068,
        "latitude": 48.898346,
        "city": "La Couture-Boussey",
        "cp": "27750"
      },
      "metadata": {
        "address": "6 Route de Saint-Andr\u00e9, 27750 La Couture-Boussey",
        "business_hours": {
          "lundi": "09:00-12:30, 14:00-19:30",
          "mardi": "09:00-12:30, 14:00-19:30",
          "mercredi": "09:00-12:30, 14:00-19:30",
          "jeudi": "09:00-12:30, 14:00-19:30",
          "vendredi": "09:00-12:30, 14:00-19:30",
          "samedi": "09:00-12:30",
          "dimanche": null
        },
        "phone_number": "+33232367656"
      },
      "prochain_rdv": null,
      "plateforme": "mesoigner",
      "type": "drugstore",
      "appointment_count": 0,
      "internal_id": "mesoigner1634",
      "vaccine_type": [],
      "appointment_by_phone_only": false,
      "erreur": null,
      "last_scan_with_availabilities": null,
      "request_counts": null
    },
    {
      "departement": "27",
      "nom": "👷🏽Pharmacie de la Bonneville",
      "url": "https://pharmacie-bonneville.epharmacie.pro",
      "location": {
        "longitude": 1.038979,
        "latitude": 48.991622,
        "city": "La Bonneville-sur-Iton",
        "cp": "27190"
      },
      "metadata": {
        "address": "41, rue Jean Mar\u00e9chal, 27190  La Bonneville-sur-Iton",
        "business_hours": null
      },
      "prochain_rdv": null,
      "plateforme": "Valwin",
      "type": "drugstore",
      "appointment_count": 0,
      "internal_id": "Valwinfede4-bonneville",
      "vaccine_type": [],
      "appointment_by_phone_only": false,
      "erreur": null,
      "last_scan_with_availabilities": null,
      "request_counts": null
    },
    {
      "departement": "27",
      "nom": "👷🏽Pharmacie du March\u00e9",
      "url": "https://pharmaciedumarche-menilles.mesoigner.fr/rendez-vous/vaccination/751-vaccination-covid-19/pre-inscription?origin=vmd",
      "location": {
        "longitude": 1.36739,
        "latitude": 49.03344,
        "city": "M\u00e9nilles",
        "cp": "27120"
      },
      "metadata": {
        "address": "60 Rue Aristide Briand, 27120 M\u00e9nilles",
        "business_hours": {
          "lundi": "14:00-19:15",
          "mardi": "09:00-12:15, 14:00-19:15",
          "mercredi": "09:00-12:15, 14:00-19:15",
          "jeudi": "09:00-12:15, 14:00-19:15",
          "vendredi": "09:00-12:15, 14:00-19:15",
          "samedi": "09:00-12:15, 14:00-19:15",
          "dimanche": null
        },
        "phone_number": "+33232360903"
      },
      "prochain_rdv": null,
      "plateforme": "mesoigner",
      "type": "drugstore",
      "appointment_count": 0,
      "internal_id": "mesoigner3120",
      "vaccine_type": [],
      "appointment_by_phone_only": false,
      "erreur": null,
      "last_scan_with_availabilities": null,
      "request_counts": null
    },
    {
      "departement": "27",
      "nom": "👷🏽Pharmacie de la Gare",
      "url": "https://pharmaciedelagare-ivry.mesoigner.fr/rendez-vous/vaccination/731-vaccination-covid-19/pre-inscription?origin=vmd",
      "location": {
        "longitude": 1.46042,
        "latitude": 48.88382,
        "city": "Ivry-la-Bataille",
        "cp": "27540"
      },
      "metadata": {
        "address": "11 Boulevard de la Gare, 27540 Ivry-la-Bataille",
        "business_hours": {
          "lundi": "09:30-12:30, 14:00-19:30",
          "mardi": "09:00-12:30, 14:00-19:30",
          "mercredi": "09:00-12:30, 14:00-19:30",
          "jeudi": "09:00-12:30, 14:00-19:30",
          "vendredi": "09:00-12:30, 14:00-19:30",
          "samedi": "09:00-12:30, 14:00-18:00",
          "dimanche": null
        },
        "phone_number": "+33232364034"
      },
      "prochain_rdv": null,
      "plateforme": "mesoigner",
      "type": "drugstore",
      "appointment_count": 0,
      "internal_id": "mesoigner3119",
      "vaccine_type": [],
      "appointment_by_phone_only": false,
      "erreur": null,
      "last_scan_with_availabilities": null,
      "request_counts": null
    },
    {
      "departement": "27",
      "nom": "👷🏽GHT Eure-Seine & Pays d\u2019Ouche - Centres de vaccination Covid-19",
      "url": "https://www.doctolib.fr/vaccination-covid-19/evreux/ch-eure-seine-centre-de-vaccination-covid-vacci-covid-27?pid=practice-162968",
      "location": {
        "longitude": 0.5900407,
        "latitude": 49.0907871,
        "city": "Bernay",
        "cp": "27300"
      },
      "metadata": {
        "address": "5 Rue Anne de Ticheville, 27300 Bernay",
        "business_hours": {
          "lundi": "08:30-17:00",
          "mardi": "08:30-17:00",
          "mercredi": "08:30-17:00",
          "jeudi": "08:30-17:00",
          "vendredi": "08:30-17:00",
          "samedi": "09:00-17:00",
          "dimanche": "09:00-17:00"
        },
        "phone_number": "+33232338974"
      },
      "prochain_rdv": null,
      "plateforme": "Doctolib",
      "type": "vaccination-center",
      "appointment_count": 0,
      "internal_id": "doctolib240902pid162968",
      "vaccine_type": [],
      "appointment_by_phone_only": false,
      "erreur": null,
      "last_scan_with_availabilities": null,
      "request_counts": null
    },
    {
      "departement": "27",
      "nom": "👷🏽GHT Eure-Seine & Pays d\u2019Ouche - Centres de vaccination Covid-19",
      "url": "https://www.doctolib.fr/vaccination-covid-19/evreux/ch-eure-seine-centre-de-vaccination-covid-vacci-covid-27?pid=practice-171255",
      "location": {
        "longitude": 1.2764681,
        "latitude": 48.9041681,
        "city": "Saint-Andr\u00e9-de-l'Eure",
        "cp": "27220"
      },
      "metadata": {
        "address": "6 Rue de Dreux, 27220 Saint-Andr\u00e9-de-l'Eure",
        "business_hours": {
          "lundi": "09:00-13:00",
          "mardi": null,
          "mercredi": null,
          "jeudi": null,
          "vendredi": null,
          "samedi": null,
          "dimanche": null
        },
        "phone_number": "+33232372665"
      },
      "prochain_rdv": null,
      "plateforme": "Doctolib",
      "type": "vaccination-center",
      "appointment_count": 0,
      "internal_id": "doctolib240902pid171255",
      "vaccine_type": [],
      "appointment_by_phone_only": false,
      "erreur": null,
      "last_scan_with_availabilities": null,
      "request_counts": null
    },
    {
      "departement": "27",
      "nom": "👷🏽GHT Eure-Seine & Pays d\u2019Ouche - Centres de vaccination Covid-19",
      "url": "https://www.doctolib.fr/vaccination-covid-19/evreux/ch-eure-seine-centre-de-vaccination-covid-vacci-covid-27?pid=practice-212371",
      "location": {
        "longitude": 0.9203663,
        "latitude": 48.7409731,
        "city": "Verneuil d'Avre et d'Iton",
        "cp": "27130"
      },
      "metadata": {
        "address": "101 Rue des Poissonniers, 27130 Verneuil d'Avre et d'Iton",
        "business_hours": {
          "lundi": "09:00-13:00",
          "mardi": null,
          "mercredi": null,
          "jeudi": null,
          "vendredi": null,
          "samedi": null,
          "dimanche": null
        },
        "phone_number": "+33232338974"
      },
      "prochain_rdv": null,
      "plateforme": "Doctolib",
      "type": "vaccination-center",
      "appointment_count": 0,
      "internal_id": "doctolib240902pid212371",
      "vaccine_type": [],
      "appointment_by_phone_only": false,
      "erreur": null,
      "last_scan_with_availabilities": null,
      "request_counts": null
    },
    {
      "departement": "27",
      "nom": "👷🏽Cabinet infirmier des Tilleuls",
      "url": "https://www.doctolib.fr/vaccination-covid-19/le-vaudreuil/cabinet-infirmier-des-tilleuls?pid=practice-185129",
      "location": {
        "longitude": 1.205669,
        "latitude": 49.2583836,
        "city": "Le Vaudreuil",
        "cp": "27100"
      },
      "metadata": {
        "address": "7 Place des Tilleuls, 27100 Le Vaudreuil",
        "business_hours": {
          "lundi": "05:00-21:00",
          "mardi": "05:00-21:00",
          "mercredi": "05:00-21:00",
          "jeudi": "05:00-21:00",
          "vendredi": "05:00-21:00",
          "samedi": "05:00-21:00",
          "dimanche": "05:00-21:00"
        },
        "phone_number": "+33232506779"
      },
      "prochain_rdv": null,
      "plateforme": "Doctolib",
      "type": "vaccination-center",
      "appointment_count": 0,
      "internal_id": "doctolib269706pid185129",
      "vaccine_type": [],
      "appointment_by_phone_only": false,
      "erreur": null,
      "last_scan_with_availabilities": null,
      "request_counts": null
    },
    {
      "departement": "27",
      "nom": "👷🏽PHARMACIE VANDEVELDE-DAVID CLUZEL",
      "url": "https://www.doctolib.fr/vaccination-covid-19/pont-audemer/pharmacie-vandevelde-david-cluzel?pid=practice-191128",
      "location": {
        "longitude": 0.514232,
        "latitude": 49.3548929,
        "city": "Pont-Audemer",
        "cp": "27500"
      },
      "metadata": {
        "address": "11 Rue Thiers, 27500 Pont-Audemer",
        "business_hours": {
          "lundi": "08:30-12:30, 14:00-19:30",
          "mardi": "08:30-12:30, 14:00-19:30",
          "mercredi": "08:30-12:30, 14:00-19:30",
          "jeudi": "08:30-12:30, 14:00-19:30",
          "vendredi": "08:30-12:30, 14:00-19:30",
          "samedi": "08:30-12:30, 14:00-18:00",
          "dimanche": null
        },
        "phone_number": "+33232410066"
      },
      "prochain_rdv": null,
      "plateforme": "Doctolib",
      "type": "drugstore",
      "appointment_count": 0,
      "internal_id": "doctolib274270pid191128",
      "vaccine_type": [],
      "appointment_by_phone_only": false,
      "erreur": null,
      "last_scan_with_availabilities": null,
      "request_counts": null
    },
    {
      "departement": "27",
      "nom": "👷🏽Pharmacie Tran ba",
      "url": "https://www.doctolib.fr/vaccination-covid-19/bernay/pharmacie-tran-ba?pid=practice-175858",
      "location": {
        "longitude": 0.597929,
        "latitude": 49.0906677,
        "city": "Bernay",
        "cp": "27300"
      },
      "metadata": {
        "address": "68 Rue Thiers, 27300 Bernay",
        "business_hours": {
          "lundi": null,
          "mardi": null,
          "mercredi": null,
          "jeudi": null,
          "vendredi": null,
          "samedi": null,
          "dimanche": null
        }
      },
      "prochain_rdv": null,
      "plateforme": "Doctolib",
      "type": "drugstore",
      "appointment_count": 0,
      "internal_id": "doctolib256964pid175858",
      "vaccine_type": [],
      "appointment_by_phone_only": false,
      "erreur": null,
      "last_scan_with_availabilities": null,
      "request_counts": null
    },
    {
      "departement": "27",
      "nom": "👷🏽Pharmacie Centrale",
      "url": "https://www.doctolib.fr/vaccination-covid-19/gisors/pharmacie-centrale-gisors?pid=practice-225335",
      "location": {
        "longitude": 1.7759374,
        "latitude": 49.2797818,
        "city": "Gisors",
        "cp": "27140"
      },
      "metadata": {
        "address": "33 Rue de Vienne, 27140 Gisors",
        "business_hours": {
          "lundi": "08:30-19:30",
          "mardi": "08:30-19:30",
          "mercredi": "08:30-19:30",
          "jeudi": "08:30-19:30",
          "vendredi": "08:30-19:30",
          "samedi": "08:30-19:00",
          "dimanche": null
        },
        "phone_number": "+33232551193"
      },
      "prochain_rdv": null,
      "plateforme": "Doctolib",
      "type": "drugstore",
      "appointment_count": 0,
      "internal_id": "doctolib323926pid225335",
      "vaccine_type": [],
      "appointment_by_phone_only": false,
      "erreur": null,
      "last_scan_with_availabilities": null,
      "request_counts": null
    },
    {
      "departement": "27",
      "nom": "👷🏽Dr Caroline MARTIN",
      "url": "https://www.doctolib.fr/vaccination-covid-19/pacy-sur-eure/caroline-martin?pid=practice-16963",
      "location": {
        "longitude": 1.38066960000003,
        "latitude": 49.0197191,
        "city": "Pacy-sur-Eure",
        "cp": "27120"
      },
      "metadata": {
        "address": "2 Rue Jules Taupin, 27120 Pacy-sur-Eure",
        "business_hours": {
          "lundi": "09:00-12:00, 14:00-18:00",
          "mardi": "09:00-12:00, 14:00-18:00",
          "mercredi": null,
          "jeudi": "09:00-12:00, 14:00-18:00",
          "vendredi": "09:00-12:00, 14:00-18:00",
          "samedi": "09:00-12:00",
          "dimanche": null
        },
        "phone_number": "+33277637000"
      },
      "prochain_rdv": null,
      "plateforme": "Doctolib",
      "type": "general-practitioner",
      "appointment_count": 0,
      "internal_id": "doctolib28690pid16963",
      "vaccine_type": [],
      "appointment_by_phone_only": false,
      "erreur": null,
      "last_scan_with_availabilities": null,
      "request_counts": null
    },
    {
      "departement": "27",
      "nom": "👷🏽Dr Catherine SILAGY",
      "url": "https://www.doctolib.fr/vaccination-covid-19/evreux/catherine-silagy?pid=practice-152859",
      "location": {
        "longitude": 1.1329081,
        "latitude": 49.0343103,
        "city": "\u00c9vreux",
        "cp": "27000"
      },
      "metadata": {
        "address": "18 Rue de l'Yser, 27000 \u00c9vreux",
        "business_hours": {
          "lundi": "08:00-20:00",
          "mardi": "08:00-20:00",
          "mercredi": "08:00-20:00",
          "jeudi": "08:00-20:00",
          "vendredi": "08:00-20:00",
          "samedi": "08:00-12:00",
          "dimanche": null
        },
        "phone_number": "+33232795374"
      },
      "prochain_rdv": null,
      "plateforme": "Doctolib",
      "type": "general-practitioner",
      "appointment_count": 0,
      "internal_id": "doctolib228105pid152859",
      "vaccine_type": [],
      "appointment_by_phone_only": false,
      "erreur": null,
      "last_scan_with_availabilities": null,
      "request_counts": null
    },
    {
      "departement": "27",
      "nom": "👷🏽GHT Eure-Seine & Pays d\u2019Ouche - Centres de vaccination Covid-19",
      "url": "https://www.doctolib.fr/vaccination-covid-19/evreux/ch-eure-seine-centre-de-vaccination-covid-vacci-covid-27?pid=practice-174767",
      "location": {
        "longitude": 1.4804827,
        "latitude": 49.0937296,
        "city": "Vernon",
        "cp": "27200"
      },
      "metadata": {
        "address": "13 Rue Saint-Lazare, 27200 Vernon",
        "business_hours": {
          "lundi": "09:00-13:00",
          "mardi": null,
          "mercredi": null,
          "jeudi": null,
          "vendredi": null,
          "samedi": null,
          "dimanche": null
        },
        "phone_number": "+33232338974"
      },
      "prochain_rdv": null,
      "plateforme": "Doctolib",
      "type": "vaccination-center",
      "appointment_count": 0,
      "internal_id": "doctolib240902pid174767",
      "vaccine_type": [],
      "appointment_by_phone_only": false,
      "erreur": null,
      "last_scan_with_availabilities": null,
      "request_counts": null
    },
    {
      "departement": "27",
      "nom": "👷🏽Pharmacie Du March\u00e9",
      "url": "https://www.doctolib.fr/vaccination-covid-19/evreux/pharmacie-du-marche-nicolas-baudon?pid=practice-177405",
      "location": {
        "longitude": 1.1578966,
        "latitude": 49.0095064,
        "city": "\u00c9vreux",
        "cp": "27000"
      },
      "metadata": {
        "address": "8 Rue Voltaire, 27000 \u00c9vreux",
        "business_hours": {
          "lundi": "08:30-12:30, 13:30-19:30",
          "mardi": "08:30-12:30, 13:30-19:30",
          "mercredi": "08:30-12:30, 13:30-19:30",
          "jeudi": "14:30-19:30, 08:30-12:30",
          "vendredi": "14:30-19:30, 08:30-12:30",
          "samedi": "14:30-19:00, 08:30-12:30",
          "dimanche": null
        },
        "phone_number": "+33232230443"
      },
      "prochain_rdv": null,
      "plateforme": "Doctolib",
      "type": "drugstore",
      "appointment_count": 0,
      "internal_id": "doctolib259156pid177405",
      "vaccine_type": [],
      "appointment_by_phone_only": false,
      "erreur": null,
      "last_scan_with_availabilities": null,
      "request_counts": null
    },
    {
      "departement": "27",
      "nom": "👷🏽Cabinet infirmier Laetitia Beaudoin",
      "url": "https://www.doctolib.fr/vaccination-covid-19/mesnil-en-ouche/cabinet-infirmier-laetitia-beaudoin?pid=practice-209176",
      "location": {
        "longitude": 0.6658032,
        "latitude": 48.9454302,
        "city": "Mesnil-en-Ouche",
        "cp": "27330"
      },
      "metadata": {
        "address": "55 Rue Grande Rue, 27330 Mesnil-en-Ouche",
        "business_hours": {
          "lundi": "07:00-20:00",
          "mardi": "07:00-20:00",
          "mercredi": "07:00-20:00",
          "jeudi": "07:00-20:00",
          "vendredi": "07:00-20:00",
          "samedi": "07:00-20:00",
          "dimanche": "07:00-20:00"
        },
        "phone_number": "+33662827222"
      },
      "prochain_rdv": null,
      "plateforme": "Doctolib",
      "type": "vaccination-center",
      "appointment_count": 0,
      "internal_id": "doctolib297525pid209176",
      "vaccine_type": [],
      "appointment_by_phone_only": false,
      "erreur": null,
      "last_scan_with_availabilities": null,
      "request_counts": null
    },
    {
      "departement": "27",
      "nom": "👷🏽Dr Messaouda Marguier",
      "url": "https://www.doctolib.fr/vaccination-covid-19/evreux/marguier-messaouda?pid=practice-114645",
      "location": {
        "longitude": 1.1643603,
        "latitude": 49.0130407,
        "city": "\u00c9vreux",
        "cp": "27000"
      },
      "metadata": {
        "address": "Rue de Saint Andre\", 27000 \u00c9vreux",
        "business_hours": {
          "lundi": "07:30-19:00",
          "mardi": "07:30-19:00",
          "mercredi": "07:30-19:00",
          "jeudi": "07:30-19:00",
          "vendredi": "07:30-19:00",
          "samedi": "07:30-12:00",
          "dimanche": null
        }
      },
      "prochain_rdv": null,
      "plateforme": "Doctolib",
      "type": "general-practitioner",
      "appointment_count": 0,
      "internal_id": "doctolib175273pid114645",
      "vaccine_type": [],
      "appointment_by_phone_only": false,
      "erreur": null,
      "last_scan_with_availabilities": null,
      "request_counts": null
    },
    {
      "departement": "27",
      "nom": "👷🏽Pharmacie de La Halle",
      "url": "https://www.doctolib.fr/vaccination-covid-19/louviers/pharmacie-de-la-halle?pid=practice-182740",
      "location": {
        "longitude": 1.1692225,
        "latitude": 49.2112714,
        "city": "Louviers",
        "cp": "27400"
      },
      "metadata": {
        "address": "5 Place de la Halle aux Drapiers, 27400 Louviers",
        "business_hours": {
          "lundi": "08:30-12:30, 14:00-19:30",
          "mardi": "08:30-12:30, 14:00-19:30",
          "mercredi": "08:30-12:30, 14:00-19:30",
          "jeudi": "08:30-12:30, 14:00-19:30",
          "vendredi": "08:30-12:30, 14:00-19:30",
          "samedi": "08:30-12:45, 14:00-19:00",
          "dimanche": null
        },
        "phone_number": "+33232403099"
      },
      "prochain_rdv": null,
      "plateforme": "Doctolib",
      "type": "drugstore",
      "appointment_count": 0,
      "internal_id": "doctolib266606pid182740",
      "vaccine_type": [],
      "appointment_by_phone_only": false,
      "erreur": null,
      "last_scan_with_availabilities": null,
      "request_counts": null
    },
    {
      "departement": "27",
      "nom": "👷🏽Pharmacie du Parvis",
      "url": "https://www.doctolib.fr/vaccination-covid-19/louviers/pharmacie-du-parvis-louviers?pid=practice-170313",
      "location": {
        "longitude": 1.1702671,
        "latitude": 49.2126059,
        "city": "Louviers",
        "cp": "27400"
      },
      "metadata": {
        "address": "48 Rue du Mar\u00e9chal Foch, 27400 Louviers",
        "business_hours": {
          "lundi": "08:30-19:30",
          "mardi": "08:30-19:30",
          "mercredi": "08:30-19:30",
          "jeudi": "08:30-19:30",
          "vendredi": "08:30-19:30",
          "samedi": "08:30-18:30",
          "dimanche": null
        }
      },
      "prochain_rdv": null,
      "plateforme": "Doctolib",
      "type": "drugstore",
      "appointment_count": 0,
      "internal_id": "doctolib249807pid170313",
      "vaccine_type": [],
      "appointment_by_phone_only": false,
      "erreur": null,
      "last_scan_with_availabilities": null,
      "request_counts": null
    },
    {
      "departement": "27",
      "nom": "👷🏽Pharmacie Bailly Villain",
      "url": "https://www.doctolib.fr/vaccination-covid-19/montfort-sur-risle/pharmacie-bailly-villain?pid=practice-206755",
      "location": {
        "longitude": 0.664175,
        "latitude": 49.29508,
        "city": "Montfort-sur-Risle",
        "cp": "27290"
      },
      "metadata": {
        "address": "15 Rue Saint-Pierre, 27290 Montfort-sur-Risle",
        "business_hours": {
          "lundi": "09:00-12:30, 14:00-17:00",
          "mardi": "09:00-12:30, 14:00-17:00",
          "mercredi": "09:00-12:30",
          "jeudi": "09:00-12:30, 14:00-17:00",
          "vendredi": "09:00-12:30, 14:00-17:00",
          "samedi": "09:00-13:00",
          "dimanche": null
        }
      },
      "prochain_rdv": null,
      "plateforme": "Doctolib",
      "type": "drugstore",
      "appointment_count": 0,
      "internal_id": "doctolib294453pid206755",
      "vaccine_type": [],
      "appointment_by_phone_only": false,
      "erreur": null,
      "last_scan_with_availabilities": null,
      "request_counts": null
    }
  ]
}