{
  "tout_departement": {
    "disponibles": 42,
    "total": 666,
    "creneaux": 1337
  },
  "973": {
    "disponibles": 10,
    "indisponibles": 17,
    "creneaux": 117250,
    "total": 27
  },
  "93": {
    "disponibles": 32,
    "indisponibles": 113,
    "creneaux": 519584,
    "total": 145
  },
  "79": {
    "disponibles": 5,
    "indisponibles": 10,
    "creneaux": 21250,
    "total": 15
  },
  "83": {
    "disponibles": 23,
    "indisponibles": 60,
    "creneaux": 842858,
    "total": 83
  },
  "74": {
    "disponibles": 16,
    "indisponibles": 46,
    "creneaux": 255632,
    "total": 62
  },
  "976": {
    "disponibles": 1,
    "indisponibles": 0,
    "creneaux": 153,
    "total": 1
  },
  "06": {
    "disponibles": 39,
    "indisponibles": 61,
    "creneaux": 1287546,
    "total": 100
  },
  "51": {
    "disponibles": 12,
    "indisponibles": 24,
    "creneaux": 167472,
    "total": 36
  },
  "63": {
    "disponibles": 24,
    "indisponibles": 27,
    "creneaux": 243552,
    "total": 51
  },
  "10": {
    "disponibles": 16,
    "indisponibles": 11,
    "creneaux": 725088,
    "total": 27
  },
  "2A": {
    "disponibles": 15,
    "indisponibles": 6,
    "creneaux": 551835,
    "total": 21
  },
  "34": {
    "disponibles": 18,
    "indisponibles": 82,
    "creneaux": 358398,
    "total": 100
  },
  "49": {
    "disponibles": 8,
    "indisponibles": 24,
    "creneaux": 22464,
    "total": 32
  },
  "14": {
    "disponibles": 33,
    "indisponibles": 47,
    "creneaux": 549813,
    "total": 80
  },
  "77": {
    "disponibles": 28,
    "indisponibles": 87,
    "creneaux": 588420,
    "total": 115
  },
  "971": {
    "disponibles": 2,
    "indisponibles": 25,
    "creneaux": 1100,
    "total": 27
  },
  "2B": {
    "disponibles": 17,
    "indisponibles": 4,
    "creneaux": 820998,
    "total": 21
  },
  "60": {
    "disponibles": 20,
    "indisponibles": 27,
    "creneaux": 236920,
    "total": 47
  },
  "59": {
    "disponibles": 62,
    "indisponibles": 225,
    "creneaux": 4285936,
    "total": 287
  },
  "92": {
    "disponibles": 29,
    "indisponibles": 178,
    "creneaux": 473135,
    "total": 207
  },
  "95": {
    "disponibles": 18,
    "indisponibles": 85,
    "creneaux": 609084,
    "total": 103
  },
  "36": {
    "disponibles": 5,
    "indisponibles": 6,
    "creneaux": 15115,
    "total": 11
  },
  "28": {
    "disponibles": 5,
    "indisponibles": 11,
    "creneaux": 36000,
    "total": 16
  },
  "13": {
    "disponibles": 59,
    "indisponibles": 150,
    "creneaux": 3237802,
    "total": 209
  },
  "27": {
    "disponibles": 15,
    "indisponibles": 26,
    "creneaux": 234555,
    "total": 41
  },
  "94": {
    "disponibles": 30,
    "indisponibles": 105,
    "creneaux": 783120,
    "total": 135
  },
  "72": {
    "disponibles": 8,
    "indisponibles": 16,
    "creneaux": 119944,
    "total": 24
  },
  "21": {
    "disponibles": 14,
    "indisponibles": 37,
    "creneaux": 58030,
    "total": 51
  },
  "47": {
    "disponibles": 6,
    "indisponibles": 9,
    "creneaux": 103512,
    "total": 15
  },
  "974": {
    "disponibles": 8,
    "indisponibles": 39,
    "creneaux": 231840,
    "total": 47
  },
  "02": {
    "disponibles": 22,
    "indisponibles": 23,
    "creneaux": 471834,
    "total": 45
  },
  "17": {
    "disponibles": 8,
    "indisponibles": 30,
    "creneaux": 44504,
    "total": 38
  },
  "67": {
    "disponibles": 20,
    "indisponibles": 103,
    "creneaux": 435620,
    "total": 123
  },
  "91": {
    "disponibles": 20,
    "indisponibles": 74,
    "creneaux": 76580,
    "total": 94
  },
  "89": {
    "disponibles": 9,
    "indisponibles": 22,
    "creneaux": 16722,
    "total": 31
  },
  "37": {
    "disponibles": 6,
    "indisponibles": 48,
    "creneaux": 3294,
    "total": 54
  },
  "01": {
    "disponibles": 12,
    "indisponibles": 43,
    "creneaux": 80352,
    "total": 55
  },
  "62": {
    "disponibles": 45,
    "indisponibles": 98,
    "creneaux": 975465,
    "total": 143
  },
  "39": {
    "disponibles": 12,
    "indisponibles": 16,
    "creneaux": 84780,
    "total": 28
  },
  "75": {
    "disponibles": 30,
    "indisponibles": 359,
    "creneaux": 224640,
    "total": 389
  },
  "972": {
    "disponibles": 8,
    "indisponibles": 18,
    "creneaux": 226232,
    "total": 26
  },
  "56": {
    "disponibles": 10,
    "indisponibles": 35,
    "creneaux": 477260,
    "total": 45
  },
  "07": {
    "disponibles": 11,
    "indisponibles": 17,
    "creneaux": 139997,
    "total": 28
  },
  "33": {
    "disponibles": 24,
    "indisponibles": 184,
    "creneaux": 465600,
    "total": 208
  },
  "66": {
    "disponibles": 14,
    "indisponibles": 29,
    "creneaux": 99694,
    "total": 43
  },
  "42": {
    "disponibles": 13,
    "indisponibles": 29,
    "creneaux": 80093,
    "total": 42
  },
  "26": {
    "disponibles": 20,
    "indisponibles": 21,
    "creneaux": 274300,
    "total": 41
  },
  "84": {
    "disponibles": 11,
    "indisponibles": 37,
    "creneaux": 173833,
    "total": 48
  },
  "22": {
    "disponibles": 9,
    "indisponibles": 33,
    "creneaux": 177660,
    "total": 42
  },
  "76": {
    "disponibles": 28,
    "indisponibles": 103,
    "creneaux": 321216,
    "total": 131
  },
  "78": {
    "disponibles": 18,
    "indisponibles": 114,
    "creneaux": 90774,
    "total": 132
  },
  "43": {
    "disponibles": 7,
    "indisponibles": 4,
    "creneaux": 171122,
    "total": 11
  },
  "64": {
    "disponibles": 12,
    "indisponibles": 63,
    "creneaux": 86508,
    "total": 75
  },
  "55": {
    "disponibles": 4,
    "indisponibles": 3,
    "creneaux": 836,
    "total": 7
  },
  "80": {
    "disponibles": 28,
    "indisponibles": 63,
    "creneaux": 424788,
    "total": 91
  },
  "50": {
    "disponibles": 13,
    "indisponibles": 21,
    "creneaux": 416988,
    "total": 34
  },
  "68": {
    "disponibles": 11,
    "indisponibles": 38,
    "creneaux": 47850,
    "total": 49
  },
  "70": {
    "disponibles": 9,
    "indisponibles": 6,
    "creneaux": 19008,
    "total": 15
  },
  "73": {
    "disponibles": 8,
    "indisponibles": 27,
    "creneaux": 102136,
    "total": 35
  },
  "57": {
    "disponibles": 27,
    "indisponibles": 47,
    "creneaux": 872937,
    "total": 74
  },
  "53": {
    "disponibles": 6,
    "indisponibles": 15,
    "creneaux": 18180,
    "total": 21
  },
  "71": {
    "disponibles": 12,
    "indisponibles": 32,
    "creneaux": 65484,
    "total": 44
  },
  "54": {
    "disponibles": 14,
    "indisponibles": 31,
    "creneaux": 118286,
    "total": 45
  },
  "85": {
    "disponibles": 11,
    "indisponibles": 17,
    "creneaux": 107305,
    "total": 28
  },
  "82": {
    "disponibles": 8,
    "indisponibles": 26,
    "creneaux": 8736,
    "total": 34
  },
  "24": {
    "disponibles": 6,
    "indisponibles": 21,
    "creneaux": 18324,
    "total": 27
  },
  "35": {
    "disponibles": 3,
    "indisponibles": 67,
    "creneaux": 840,
    "total": 70
  },
  "29": {
    "disponibles": 10,
    "indisponibles": 47,
    "creneaux": 23430,
    "total": 57
  },
  "69": {
    "disponibles": 9,
    "indisponibles": 200,
    "creneaux": 50094,
    "total": 209
  },
  "65": {
    "disponibles": 5,
    "indisponibles": 11,
    "creneaux": 7040,
    "total": 16
  },
  "16": {
    "disponibles": 8,
    "indisponibles": 17,
    "creneaux": 27368,
    "total": 25
  },
  "61": {
    "disponibles": 7,
    "indisponibles": 15,
    "creneaux": 88690,
    "total": 22
  },
  "88": {
    "disponibles": 7,
    "indisponibles": 9,
    "creneaux": 156044,
    "total": 16
  },
  "40": {
    "disponibles": 10,
    "indisponibles": 34,
    "creneaux": 42780,
    "total": 44
  },
  "46": {
    "disponibles": 6,
    "indisponibles": 13,
    "creneaux": 5910,
    "total": 19
  },
  "81": {
    "disponibles": 5,
    "indisponibles": 12,
    "creneaux": 13715,
    "total": 17
  },
  "38": {
    "disponibles": 19,
    "indisponibles": 56,
    "creneaux": 319675,
    "total": 75
  },
  "52": {
    "disponibles": 2,
    "indisponibles": 2,
    "creneaux": 15344,
    "total": 4
  },
  "": {
    "disponibles": 4,
    "indisponibles": 8,
    "creneaux": 692,
    "total": 12
  },
  "05": {
    "disponibles": 11,
    "indisponibles": 8,
    "creneaux": 160710,
    "total": 19
  },
  "32": {
    "disponibles": 12,
    "indisponibles": 10,
    "creneaux": 43440,
    "total": 22
  },
  "15": {
    "disponibles": 4,
    "indisponibles": 5,
    "creneaux": 18172,
    "total": 9
  },
  "03": {
    "disponibles": 10,
    "indisponibles": 24,
    "creneaux": 112600,
    "total": 34
  },
  "87": {
    "disponibles": 4,
    "indisponibles": 19,
    "creneaux": 3460,
    "total": 23
  },
  "48": {
    "disponibles": 3,
    "indisponibles": 1,
    "creneaux": 2355,
    "total": 4
  },
  "41": {
    "disponibles": 5,
    "indisponibles": 13,
    "creneaux": 3705,
    "total": 18
  },
  "04": {
    "disponibles": 4,
    "indisponibles": 8,
    "creneaux": 7088,
    "total": 12
  },
  "31": {
    "disponibles": 10,
    "indisponibles": 163,
    "creneaux": 228890,
    "total": 173
  },
  "12": {
    "disponibles": 5,
    "indisponibles": 5,
    "creneaux": 13995,
    "total": 10
  },
  "08": {
    "disponibles": 3,
    "indisponibles": 18,
    "creneaux": 3861,
    "total": 21
  },
  "90": {
    "disponibles": 3,
    "indisponibles": 3,
    "creneaux": 1014,
    "total": 6
  },
  "25": {
    "disponibles": 8,
    "indisponibles": 26,
    "creneaux": 41200,
    "total": 34
  },
  "58": {
    "disponibles": 1,
    "indisponibles": 14,
    "creneaux": 13,
    "total": 15
  },
  "44": {
    "disponibles": 6,
    "indisponibles": 116,
    "creneaux": 24630,
    "total": 122
  },
  "18": {
    "disponibles": 3,
    "indisponibles": 14,
    "creneaux": 531,
    "total": 17
  },
  "11": {
    "disponibles": 10,
    "indisponibles": 19,
    "creneaux": 126800,
    "total": 29
  },
  "30": {
    "disponibles": 9,
    "indisponibles": 54,
    "creneaux": 40194,
    "total": 63
  },
  "09": {
    "disponibles": 4,
    "indisponibles": 15,
    "creneaux": 1340,
    "total": 19
  },
  "45": {
    "disponibles": 4,
    "indisponibles": 50,
    "creneaux": 136,
    "total": 54
  },
  "23": {
    "disponibles": 2,
    "indisponibles": 4,
    "creneaux": 1464,
    "total": 6
  },
  "19": {
    "disponibles": 2,
    "indisponibles": 20,
    "creneaux": 26,
    "total": 22
  },
  "86": {
    "disponibles": 0,
    "indisponibles": 21,
    "creneaux": 0,
    "total": 21
  },
  "null": {
    "disponibles": 0,
    "indisponibles": 4,
    "creneaux": 0,
    "total": 4
  },
  "98": {
    "disponibles": 0,
    "indisponibles": 1,
    "creneaux": 0,
    "total": 1
  }
}